Diesel_L,Electricity_kWh,Paint_L,Welding_Count,Transport_km,Emissions_kgCO2e,Root_Cause,Cost_Before,Cost_After,Date,Month,Year
1926,5671,178,7,260,8680.58,Diesel,358252.2,351941.2,2000-01-01,1,2000
2259,6969,321,7,226,10715.720000000001,Diesel,441222.80000000005,427643.80000000005,2000-02-01,2,2000
1660,9156,136,13,181,9554.6,Electricity,399390.0,391269.0,2000-03-01,3,2000
2094,11777,320,10,246,12681.62,Electricity,517925.80000000005,511052.80000000005,2000-04-01,4,2000
1930,8122,121,29,338,9759.300000000001,Diesel,402844.00000000006,388737.00000000006,2000-05-01,5,2000
1895,10124,295,17,183,11230.1,Diesel,459290.0,447509.0,2000-06-01,6,2000
1844,10585,247,25,212,11171.32,Electricity,463071.8,454323.8,2000-07-01,7,2000
2438,9699,195,6,324,12137.84,Diesel,503656.6,498379.6,2000-08-01,8,2000
921,9777,327,12,342,8584.08,Electricity,360331.2,353472.2,2000-09-01,9,2000
1266,8900,341,25,242,9114.78,Electricity,377364.2,366435.2,2000-10-01,10,2000
2038,11677,167,6,140,11920.04,Electricity,488501.60000000003,476709.60000000003,2000-11-01,11,2000
1130,10524,318,8,357,9484.4,Electricity,392076.0,382363.0,2000-12-01,12,2000
2282,11981,291,29,384,13236.359999999999,Diesel,546269.3999999999,536594.3999999999,2001-01-01,1,2001
887,11788,116,19,204,8740.759999999998,Electricity,361277.3999999999,355107.3999999999,2001-02-01,2,2001
2196,11376,111,8,301,12031.580000000002,Diesel,497301.20000000007,483620.20000000007,2001-03-01,3,2001
1923,5523,249,17,365,8880.039999999999,Diesel,370365.6,355991.6,2001-04-01,4,2001
1671,7393,244,16,309,9109.78,Diesel,379911.2,369603.2,2001-05-01,5,2001
2487,8117,237,17,150,11603.56,Diesel,477829.39999999997,470367.39999999997,2001-06-01,6,2001
930,7593,217,18,217,7113.4,Electricity,295132.0,280310.0,2001-07-01,7,2001
2485,6968,292,24,300,11254.599999999999,Diesel,464728.99999999994,459441.99999999994,2001-08-01,8,2001
2132,10197,121,22,138,11289.76,Diesel,470266.4,459313.4,2001-09-01,9,2001
1569,6753,317,10,127,8728.32,Diesel,367969.8,358687.8,2001-10-01,10,2001
1143,10932,219,15,358,9385.34,Electricity,390170.6,383263.6,2001-11-01,11,2001
2315,11937,309,6,183,13298.000000000002,Diesel,546304.0000000001,540143.0000000001,2001-12-01,12,2001
2237,7296,149,27,254,10247.859999999999,Diesel,428826.39999999997,423697.39999999997,2002-01-01,1,2002
1605,11190,113,23,216,10362.700000000003,Electricity,429241.0000000001,417904.0000000001,2002-02-01,2,2002
1185,10240,291,23,101,9362.1,Electricity,391565.0,384202.0,2002-03-01,3,2002
2015,7261,274,9,192,10038.9,Diesel,420246.0,407095.0,2002-04-01,4,2002
1755,7286,128,23,265,8875.000000000002,Diesel,372117.00000000006,361134.00000000006,2002-05-01,5,2002
1076,10175,303,6,395,9117.880000000001,Electricity,379444.20000000007,374301.20000000007,2002-06-01,6,2002
1984,11493,263,14,357,12072.319999999998,Electricity,494565.79999999993,481358.79999999993,2002-07-01,7,2002
1259,9202,326,29,180,9186.92,Electricity,385782.8,373313.8,2002-08-01,8,2002
2137,7878,279,6,367,10723.26,Diesel,448858.4,443614.4,2002-09-01,9,2002
821,9143,224,15,334,7640.580000000001,Electricity,322801.2,316875.2,2002-10-01,10,2002
1052,8644,303,22,312,8290.66,Electricity,343920.4,335742.4,2002-11-01,11,2002
1547,9432,106,28,161,9298.76,Electricity,385580.4,378404.4,2002-12-01,12,2002
1656,10145,128,19,148,10010.98,Electricity,410585.19999999995,400583.19999999995,2003-01-01,1,2003
2384,11947,238,13,226,13256.420000000002,Diesel,543709.8,537823.8,2003-02-01,2,2003
1274,10376,132,27,322,9161.119999999999,Electricity,380951.79999999993,367419.79999999993,2003-03-01,3,2003
1882,7055,233,23,378,9489.960000000001,Diesel,395381.4,386983.4,2003-04-01,4,2003
1310,9720,210,13,393,9200.0,Electricity,385751.0,372254.0,2003-05-01,5,2003
2299,10986,178,7,383,12362.32,Diesel,510120.8,496021.8,2003-06-01,6,2003
1499,6276,259,25,376,8167.0199999999995,Diesel,345008.8,337354.8,2003-07-01,7,2003
1775,10811,278,13,206,11192.300000000001,Electricity,461052.00000000006,448660.00000000006,2003-08-01,8,2003
989,7766,302,18,245,7661.120000000001,Electricity,319449.80000000005,313078.80000000005,2003-09-01,9,2003
1757,5302,157,23,198,7976.460000000001,Diesel,332610.4,320475.4,2003-10-01,10,2003
1486,5638,314,11,172,7948.079999999999,Diesel,327941.19999999995,322621.19999999995,2003-11-01,11,2003
1757,5055,125,20,221,7741.96,Diesel,321920.4,312266.4,2003-12-01,12,2003
1362,9821,325,20,129,9747.96,Electricity,406236.39999999997,395936.39999999997,2004-01-01,1,2004
2390,5525,273,5,287,10186.6,Diesel,422561.0,410800.0,2004-02-01,2,2004
2067,9569,325,8,387,11548.560000000001,Diesel,480582.4,468728.4,2004-03-01,3,2004
1631,9123,128,8,294,9448.98,Electricity,389907.19999999995,379402.19999999995,2004-04-01,4,2004
2328,7125,103,11,255,10226.240000000002,Diesel,428186.6000000001,413863.6000000001,2004-05-01,5,2004
1954,8287,308,12,271,10526.820000000002,Diesel,436690.80000000005,425137.80000000005,2004-06-01,6,2004
2308,5364,198,21,140,9613.640000000001,Diesel,398781.60000000003,389739.60000000003,2004-07-01,7,2004
1446,11809,240,9,162,10662.98,Electricity,443420.19999999995,429411.19999999995,2004-08-01,8,2004
820,9621,332,11,122,8207.7,Electricity,340228.0,327730.0,2004-09-01,9,2004
1640,11842,138,24,174,10862.8,Electricity,448700.0,437064.0,2004-10-01,10,2004
966,10431,114,24,147,8261.58,Electricity,340701.2,328339.2,2004-11-01,11,2004
2097,9978,218,8,259,11433.359999999999,Diesel,467538.39999999997,462527.39999999997,2004-12-01,12,2004
1187,10126,128,10,217,8747.56,Electricity,365454.39999999997,360260.39999999997,2005-01-01,1,2005
1400,10122,256,11,199,9762.0,Electricity,405407.0,397870.0,2005-02-01,2,2005
1115,6646,174,22,266,6999.8,Electricity,294382.0,286540.0,2005-03-01,3,2005
813,5918,215,9,389,5978.9400000000005,Electricity,251844.60000000003,244615.60000000003,2005-04-01,4,2005
1041,7797,131,24,255,7226.68,Electricity,304018.2,296009.2,2005-05-01,5,2005
1576,11506,229,7,106,10807.78,Electricity,448471.2,435487.2,2005-06-01,6,2005
2169,10870,274,11,295,12279.12,Diesel,506552.80000000005,499475.80000000005,2005-07-01,7,2005
1364,6531,305,26,155,8050.72,Diesel,341568.8,328723.8,2005-08-01,8,2005
1697,8345,183,18,292,9440.96,Diesel,392764.39999999997,383897.39999999997,2005-09-01,9,2005
2163,11949,121,11,146,12237.240000000002,Electricity,500305.6000000001,490432.6000000001,2005-10-01,10,2005
891,11882,302,9,247,9446.08,Electricity,396855.2,383220.2,2005-11-01,11,2005
2190,6906,126,26,374,9869.2,Diesel,404960.0,399663.0,2005-12-01,12,2005
1755,8086,294,9,256,9837.400000000001,Diesel,405272.00000000006,394416.00000000006,2006-01-01,1,2006
2278,10311,180,27,301,11983.140000000001,Diesel,492970.60000000003,478934.60000000003,2006-02-01,2,2006
2251,10750,225,6,225,12247.380000000001,Diesel,506209.20000000007,500194.20000000007,2006-03-01,3,2006
1308,9580,335,25,393,9576.54,Electricity,401503.60000000003,395119.60000000003,2006-04-01,4,2006
1575,7075,283,26,163,8812.800000000001,Diesel,364300.00000000006,349711.00000000006,2006-05-01,5,2006
834,5713,191,10,275,5827.120000000001,Electricity,250458.80000000005,236713.80000000005,2006-06-01,6,2006
1005,6062,320,19,215,6910.2,Electricity,290108.0,282758.0,2006-07-01,7,2006
1904,6976,120,25,303,9101.320000000002,Diesel,383411.80000000005,377142.80000000005,2006-08-01,8,2006
2385,6296,146,14,130,10093.599999999999,Diesel,417636.99999999994,411376.99999999994,2006-09-01,9,2006
2211,10350,307,27,212,12249.779999999999,Diesel,506802.19999999995,494101.19999999995,2006-10-01,10,2006
1825,11229,200,28,166,11272.300000000001,Electricity,470180.00000000006,456804.00000000006,2006-11-01,11,2006
1821,5125,286,11,174,8491.78,Diesel,352350.2,342787.2,2006-12-01,12,2006
2213,11955,183,9,144,12588.439999999999,Electricity,517441.6,505544.6,2007-01-01,1,2007
1365,9632,105,5,359,8919.5,Electricity,374040.0,363368.0,2007-02-01,2,2007
1929,11288,246,17,253,11745.720000000001,Electricity,480332.80000000005,469739.80000000005,2007-03-01,3,2007
2300,8596,284,25,254,11536.8,Diesel,481285.0,470130.0,2007-04-01,4,2007
1502,8283,296,22,333,9295.86,Electricity,391413.4,380870.4,2007-05-01,5,2007
1201,11168,230,17,150,9658.08,Electricity,403096.2,390856.2,2007-06-01,6,2007
1529,6603,100,25,361,7851.42,Diesel,327872.8,318189.8,2007-07-01,7,2007
2379,5066,157,25,224,9533.02,Diesel,392037.80000000005,385156.80000000005,2007-08-01,8,2007
961,5232,223,22,344,6067.179999999999,Electricity,257121.19999999998,243408.19999999998,2007-09-01,9,2007
1001,7156,265,9,129,7224.780000000001,Electricity,299649.2,290840.2,2007-10-01,10,2007
1795,6169,114,17,221,8358.7,Diesel,349405.0,338598.0,2007-11-01,11,2007
1069,7158,261,8,224,7411.820000000001,Electricity,310480.80000000005,300597.80000000005,2007-12-01,12,2007
1615,11371,288,21,136,11074.100000000002,Electricity,457958.0000000001,445752.0000000001,2008-01-01,1,2008
2094,9206,262,7,269,11194.119999999999,Diesel,461998.79999999993,452843.79999999993,2008-02-01,2,2008
1255,6493,163,21,223,7250.2,Diesel,303772.0,294099.0,2008-03-01,3,2008
2285,11177,340,15,134,12947.099999999999,Diesel,532521.0,526112.0,2008-04-01,4,2008
2075,9718,124,25,186,10921.2,Diesel,448952.0,434066.0,2008-05-01,5,2008
1816,9007,123,24,233,9876.28,Diesel,414498.2,404301.2,2008-06-01,6,2008
1095,11891,111,27,295,9360.0,Electricity,391201.0,378749.0,2008-07-01,7,2008
1519,11738,117,25,373,10454.02,Electricity,436735.80000000005,423017.80000000005,2008-08-01,8,2008
1137,7472,114,8,300,7251.76,Electricity,302677.4,295505.4,2008-09-01,9,2008
1678,7660,335,6,384,9583.54,Diesel,401726.60000000003,396447.60000000003,2008-10-01,10,2008
1876,10637,307,24,176,11484.68,Electricity,473106.2,464129.2,2008-11-01,11,2008
1591,7739,126,20,158,8629.980000000001,Diesel,357780.20000000007,350111.20000000007,2008-12-01,12,2008
1016,10401,171,22,225,8593.28,Electricity,356296.2,343471.2,2009-01-01,1,2009
1563,6761,159,12,208,8181.84,Diesel,340036.6,325093.6,2009-02-01,2,2009
987,8514,273,7,323,7930.66,Electricity,333554.4,324573.4,2009-03-01,3,2009
1179,6975,316,13,377,7844.22,Electricity,329759.8,319990.8,2009-04-01,4,2009
1292,7362,244,24,167,8059.76,Electricity,335796.4,325549.4,2009-05-01,5,2009
1864,5876,192,10,168,8651.12,Diesel,364967.80000000005,355540.80000000005,2009-06-01,6,2009
1980,11085,152,14,264,11450.5,Electricity,472800.0,461665.0,2009-07-01,7,2009
814,8812,107,25,261,7044.22,Electricity,295945.8,285372.8,2009-08-01,8,2009
864,8448,178,14,141,7207.52,Electricity,304776.80000000005,295645.80000000005,2009-09-01,9,2009
1320,6312,126,17,208,7196.6,Diesel,300468.0,285568.0,2009-10-01,10,2009
2167,6460,273,21,150,10048.260000000002,Diesel,420111.4000000001,407922.4000000001,2009-11-01,11,2009
1952,7709,149,13,349,9692.76,Diesel,400092.4,390557.4,2009-12-01,12,2009
1447,7324,343,21,120,8789.66,Diesel,362117.4,354341.4,2010-01-01,1,2010
2295,6733,298,28,399,10673.5,Diesel,443019.0,428708.0,2010-02-01,2,2010
1886,6605,230,13,238,9225.18,Diesel,379641.2,366944.2,2010-03-01,3,2010
1962,10622,192,13,191,11294.960000000001,Electricity,471759.4,458373.4,2010-04-01,4,2010
2322,11767,291,5,379,13206.759999999998,Diesel,538272.3999999999,532610.3999999999,2010-05-01,5,2010
1392,7563,271,6,224,8512.560000000001,Electricity,358899.4,345228.4,2010-06-01,6,2010
1191,8421,280,20,210,8448.380000000001,Electricity,353886.20000000007,340842.20000000007,2010-07-01,7,2010
2498,11986,123,5,238,13171.74,Diesel,542495.6,533277.6,2010-08-01,8,2010
1218,8517,159,14,372,8170.44,Electricity,344556.6,329941.6,2010-09-01,9,2010
1088,7397,221,22,198,7453.84,Electricity,314156.6,304096.6,2010-10-01,10,2010
1178,10726,230,12,351,9409.640000000001,Electricity,389275.60000000003,378401.60000000003,2010-11-01,11,2010
2313,8735,247,25,203,11501.44,Diesel,476296.60000000003,465715.60000000003,2010-12-01,12,2010
1030,7870,145,15,313,7283.5,Electricity,309366.0,302352.0,2011-01-01,1,2011
1817,6160,114,27,348,8450.560000000001,Diesel,351328.4,342539.4,2011-02-01,2,2011
840,9854,252,6,251,8117.6,Electricity,335601.0,321498.0,2011-03-01,3,2011
1851,5242,321,12,349,8789.38,Diesel,370852.19999999995,358704.19999999995,2011-04-01,4,2011
934,7590,305,26,374,7471.620000000001,Electricity,318335.80000000005,305569.80000000005,2011-05-01,5,2011
1000,6063,298,12,264,6821.7,Electricity,283538.0,276174.0,2011-06-01,6,2011
1579,9324,116,21,107,9346.320000000002,Electricity,391143.80000000005,382514.80000000005,2011-07-01,7,2011
1729,7595,225,19,383,9318.12,Diesel,384229.80000000005,373310.80000000005,2011-08-01,8,2011
1856,5919,335,21,104,9152.08,Diesel,382543.2,371868.2,2011-09-01,9,2011
1871,10342,183,27,244,10906.98,Electricity,451446.19999999995,437574.19999999995,2011-10-01,10,2011
1302,5005,327,28,200,7209.960000000001,Diesel,303653.4,292015.4,2011-11-01,11,2011
1206,5467,108,17,263,6416.58,Diesel,266912.2,257261.2,2011-12-01,12,2011
2397,10851,265,23,246,12853.76,Diesel,530607.4,524998.4,2012-01-01,1,2012
1604,9170,275,9,163,9889.62,Electricity,407476.80000000005,394536.80000000005,2012-02-01,2,2012
898,5003,348,16,190,6183.34,Electricity,260772.6,251906.6,2012-03-01,3,2012
1483,10966,287,5,216,10511.140000000001,Electricity,433299.60000000003,427928.60000000003,2012-04-01,4,2012
1525,5645,162,27,366,7582.099999999999,Diesel,322979.0,310981.0,2012-05-01,5,2012
2370,5117,313,9,272,10070.8,Diesel,416624.0,411009.0,2012-06-01,6,2012
1760,7928,345,12,146,9931.9,Diesel,412606.0,400695.0,2012-07-01,7,2012
1412,10725,344,17,239,10418.859999999999,Electricity,434625.39999999997,423615.39999999997,2012-08-01,8,2012
2285,7551,216,12,345,10738.699999999999,Diesel,447782.99999999994,440529.99999999994,2012-09-01,9,2012
1442,11117,229,29,248,10308.960000000001,Electricity,425970.4,416028.4,2012-10-01,10,2012
1828,10042,187,27,345,10675.94,Electricity,439655.60000000003,433791.60000000003,2012-11-01,11,2012
2041,11717,171,15,104,11965.68,Electricity,493305.2,487037.2,2012-12-01,12,2012
1302,10560,238,5,283,9664.960000000001,Electricity,399761.4,387307.4,2013-01-01,1,2013
1566,9289,163,17,119,9456.08,Electricity,397723.2,383747.2,2013-02-01,2,2013
1197,5846,304,23,145,7251.56,Diesel,303004.4,293433.4,2013-03-01,3,2013
1670,7762,308,28,111,9490.400000000001,Diesel,398027.00000000006,387798.00000000006,2013-04-01,4,2013
1594,10511,171,7,169,10168.119999999999,Electricity,418649.79999999993,411412.79999999993,2013-05-01,5,2013
1192,10554,120,28,116,8948.360000000002,Electricity,370906.4000000001,361852.4000000001,2013-06-01,6,2013
1006,11316,117,21,246,8837.980000000001,Electricity,364509.20000000007,358574.20000000007,2013-07-01,7,2013
1838,10764,321,9,253,11492.74,Electricity,471521.6,460127.6,2013-08-01,8,2013
2377,11469,163,24,207,12745.56,Diesel,528817.3999999999,515926.3999999999,2013-09-01,9,2013
1691,10529,181,25,335,10526.880000000001,Electricity,431564.20000000007,426239.20000000007,2013-10-01,10,2013
2284,6141,209,12,169,9971.32,Diesel,414728.8,400002.8,2013-11-01,11,2013
2398,11979,338,18,282,13677.14,Diesel,566770.6,553996.6,2013-12-01,12,2013
1663,6810,194,8,349,8620.24,Diesel,358454.6,349593.6,2014-01-01,1,2014
1542,5723,265,15,327,8004.96,Diesel,337279.4,330294.4,2014-02-01,2,2014
2064,5224,131,24,201,8671.02,Diesel,359731.80000000005,349799.80000000005,2014-03-01,3,2014
1363,9627,110,19,174,8908.939999999999,Electricity,376254.6,366651.6,2014-04-01,4,2014
1820,9208,144,23,315,10076.2,Diesel,416564.0,408786.0,2014-05-01,5,2014
895,11283,316,11,302,9219.7,Electricity,382128.0,367666.0,2014-06-01,6,2014
1284,9654,132,23,291,8815.920000000002,Electricity,369046.80000000005,355214.80000000005,2014-07-01,7,2014
2230,7048,201,23,348,10301.100000000002,Diesel,422097.0000000001,409343.0000000001,2014-08-01,8,2014
1030,11233,268,15,341,9401.1,Electricity,388619.0,379541.0,2014-09-01,9,2014
1548,9749,235,9,278,9912.039999999999,Electricity,407096.6,400729.6,2014-10-01,10,2014
2478,9415,110,9,318,11807.94,Diesel,488261.60000000003,479219.60000000003,2014-11-01,11,2014
1994,6573,313,26,181,9793.320000000002,Diesel,409136.80000000005,401561.80000000005,2014-12-01,12,2014
1340,6828,278,12,191,8030.8,Diesel,332186.0,320432.0,2015-01-01,1,2015
1859,6917,187,14,274,9166.719999999998,Diesel,378297.79999999993,371716.79999999993,2015-02-01,2,2015
1324,9234,140,10,338,8734.92,Electricity,366255.8,359269.8,2015-03-01,3,2015
1983,11988,244,19,359,12257.039999999999,Electricity,509122.6,501882.6,2015-04-01,4,2015
2066,7026,175,20,262,9738.78,Diesel,402829.2,393863.2,2015-05-01,5,2015
1909,11402,220,21,147,11641.72,Electricity,481123.8,468519.8,2015-06-01,6,2015
1377,8744,145,12,215,8627.26,Electricity,358891.4,345571.4,2015-07-01,7,2015
1481,5901,259,12,324,7905.28,Diesel,328772.2,317804.2,2015-08-01,8,2015
1356,9785,306,29,246,9681.58,Electricity,403802.2,389759.2,2015-09-01,9,2015
2397,7039,179,13,162,10617.96,Diesel,435088.39999999997,422595.39999999997,2015-10-01,10,2015
1812,5009,153,6,393,7981.96,Diesel,330135.4,321032.4,2015-11-01,11,2015
1445,5260,185,19,112,7195.3,Diesel,302698.0,295622.0,2015-12-01,12,2015
1595,11038,191,22,288,10546.1,Electricity,439329.0,429098.0,2016-01-01,1,2016
1851,6673,247,7,386,9247.28,Diesel,380274.2,372280.2,2016-02-01,2,2016
2443,7219,260,21,307,11153.340000000002,Diesel,460467.6000000001,451723.6000000001,2016-03-01,3,2016
2379,7060,301,8,213,11011.420000000002,Diesel,454746.80000000005,444152.80000000005,2016-04-01,4,2016
2163,10287,267,8,121,11908.640000000001,Diesel,489070.60000000003,476539.60000000003,2016-05-01,5,2016
2154,8713,259,18,313,11119.920000000002,Diesel,461000.80000000005,448629.80000000005,2016-06-01,6,2016
2463,6619,341,13,270,11173.44,Diesel,463048.60000000003,456404.60000000003,2016-07-01,7,2016
2329,5320,196,13,153,9633.920000000002,Diesel,399607.80000000005,391463.80000000005,2016-08-01,8,2016
2171,6342,101,29,397,9456.98,Diesel,389201.19999999995,383959.19999999995,2016-09-01,9,2016
2296,10732,324,27,225,12730.68,Diesel,522142.2,513057.2,2016-10-01,10,2016
2054,7376,132,22,376,9756.320000000002,Diesel,408209.80000000005,395255.80000000005,2016-11-01,11,2016
989,7832,332,14,303,7805.920000000001,Electricity,325282.80000000005,313013.80000000005,2016-12-01,12,2016
2048,7824,304,25,293,10553.24,Diesel,441295.6,429165.6,2017-01-01,1,2017
2208,6994,257,8,268,10377.140000000001,Diesel,426315.60000000003,414487.60000000003,2017-02-01,2,2017
2200,7958,260,16,251,10854.400000000001,Diesel,451823.00000000006,438461.00000000006,2017-03-01,3,2017
2106,11039,176,12,134,11820.779999999999,Diesel,487764.19999999995,473920.19999999995,2017-04-01,4,2017
1432,7038,215,6,283,8173.06,Diesel,346477.4,335146.4,2017-05-01,5,2017
1427,8490,253,26,385,9063.060000000001,Electricity,376462.4,367950.4,2017-06-01,6,2017
1772,8677,249,17,156,10010.56,Diesel,416905.39999999997,410406.39999999997,2017-07-01,7,2017
2082,6118,202,25,321,9439.960000000001,Diesel,387801.4,380643.4,2017-08-01,8,2017
2182,6604,293,20,262,10251.66,Diesel,420226.4,410064.4,2017-09-01,9,2017
1509,11461,265,6,118,10732.920000000002,Electricity,448276.80000000005,439237.80000000005,2017-10-01,10,2017
2279,9027,202,15,363,11418.820000000002,Diesel,470500.80000000005,463465.80000000005,2017-11-01,11,2017
2234,5235,189,14,381,9359.12,Diesel,391082.80000000005,378105.80000000005,2017-12-01,12,2017
1448,6969,273,19,212,8385.839999999998,Diesel,348014.5999999999,342157.5999999999,2018-01-01,1,2018
1117,9429,221,21,129,8532.560000000001,Electricity,352395.4,343572.4,2018-02-01,2,2018
2048,6908,341,12,234,10197.339999999998,Diesel,422393.5999999999,410623.5999999999,2018-03-01,3,2018
2057,5375,242,22,166,9106.86,Diesel,383073.4,368832.4,2018-04-01,4,2018
1483,8530,325,27,164,9442.14,Electricity,393395.6,388097.6,2018-05-01,5,2018
1463,10256,205,13,391,9860.140000000001,Electricity,414137.60000000003,401893.60000000003,2018-06-01,6,2018
2197,7635,218,29,124,10528.059999999998,Diesel,433997.3999999999,428074.3999999999,2018-07-01,7,2018
2495,6570,271,12,136,10961.7,Diesel,451659.0,442427.0,2018-08-01,8,2018
2431,7560,148,18,100,10854.680000000002,Diesel,446024.20000000007,436718.20000000007,2018-09-01,9,2018
2295,10415,203,29,136,12130.6,Diesel,495913.0,488114.0,2018-10-01,10,2018
2056,8391,302,22,240,10836.98,Diesel,447238.19999999995,435660.19999999995,2018-11-01,11,2018
1936,7965,160,26,331,9828.380000000001,Diesel,405238.20000000007,395363.20000000007,2018-12-01,12,2018
2320,8643,294,24,235,11643.9,Diesel,476121.0,465795.0,2019-01-01,1,2019
1241,10951,222,24,287,9664.58,Electricity,404675.2,393093.2,2019-02-01,2,2019
1363,10468,233,25,227,9777.74,Electricity,405281.6,398479.6,2019-03-01,3,2019
2091,8850,108,16,300,10486.080000000002,Diesel,435476.20000000007,427819.20000000007,2019-04-01,4,2019
2333,5872,105,23,226,9628.740000000002,Diesel,397527.6000000001,389181.6000000001,2019-05-01,5,2019
2209,6252,172,18,356,9740.920000000002,Diesel,400841.80000000005,386178.80000000005,2019-06-01,6,2019
2210,11413,202,21,263,12414.1,Diesel,511552.0,503603.0,2019-07-01,7,2019
1936,10947,322,28,134,11849.38,Electricity,489644.19999999995,483703.19999999995,2019-08-01,8,2019
2436,11941,259,25,293,13494.08,Diesel,552498.2,545591.2,2019-09-01,9,2019
2448,6314,140,7,290,10274.039999999999,Diesel,430828.6,420991.6,2019-10-01,10,2019
1751,9820,213,27,203,10421.18,Electricity,435337.2,422232.2,2019-11-01,11,2019
1904,11148,303,11,122,11774.820000000002,Electricity,481948.80000000005,475705.80000000005,2019-12-01,12,2019
1498,7898,107,21,364,8436.14,Diesel,356751.6,346055.6,2020-01-01,1,2020
912,5077,171,16,389,5678.16,Electricity,243749.4,237283.4,2020-02-01,2,2020
801,7621,277,13,359,7014.080000000001,Electricity,292037.2,283080.2,2020-03-01,3,2020
1441,9227,191,19,174,9201.48,Electricity,382519.19999999995,375553.19999999995,2020-04-01,4,2020
1019,5600,161,22,171,6155.0199999999995,Electricity,263202.8,257827.8,2020-05-01,5,2020
2389,10868,183,25,358,12578.62,Diesel,519540.80000000005,514278.80000000005,2020-06-01,6,2020
1654,6065,161,17,287,8106.5199999999995,Diesel,337088.8,327726.8,2020-07-01,7,2020
2048,7136,210,25,272,9876.039999999999,Diesel,407891.6,396389.6,2020-08-01,8,2020
1184,7449,226,12,389,7780.820000000001,Electricity,324196.80000000005,311363.80000000005,2020-09-01,9,2020
2226,7343,106,18,144,10058.58,Diesel,416937.2,410044.2,2020-10-01,10,2020
2461,6863,302,12,160,11130.38,Diesel,464356.19999999995,451250.19999999995,2020-11-01,11,2020
1953,6318,183,18,182,9091.54,Diesel,380305.60000000003,373653.60000000003,2020-12-01,12,2020
1876,9711,307,11,222,11015.28,Diesel,453461.2,442921.2,2021-01-01,1,2021
1529,8597,231,27,115,9260.12,Electricity,380569.80000000005,371677.80000000005,2021-02-01,2,2021
2495,11943,233,16,165,13525.800000000001,Diesel,551951.0,546352.0,2021-03-01,3,2021
2239,8762,157,15,244,10997.82,Diesel,458217.8,448402.8,2021-04-01,4,2021
1046,11565,121,26,261,9092.680000000002,Electricity,377211.20000000007,370299.20000000007,2021-05-01,5,2021
1635,10984,253,26,333,10857.1,Electricity,445275.0,430791.0,2021-06-01,6,2021
2262,10142,226,15,243,11990.76,Diesel,495677.4,481885.4,2021-07-01,7,2021
1002,9670,102,29,287,7969.56,Electricity,332621.4,319049.4,2021-08-01,8,2021
2007,7190,226,26,112,9818.36,Diesel,403992.4,394779.4,2021-09-01,9,2021
922,5992,140,17,283,6033.96,Electricity,258967.4,250330.4,2021-10-01,10,2021
1200,7712,287,22,210,8144.9,Electricity,344502.0,330212.0,2021-11-01,11,2021
1566,7192,205,6,389,8595.380000000001,Diesel,358619.20000000007,348020.20000000007,2021-12-01,12,2021
1093,6248,113,25,394,6557.54,Electricity,272368.6,260920.59999999998,2022-01-01,1,2022
1079,8054,302,19,314,8061.320000000001,Electricity,342240.80000000005,328683.80000000005,2022-02-01,2,2022
1683,9598,309,24,219,10463.539999999999,Electricity,434201.6,421819.6,2022-03-01,3,2022
2433,9033,345,22,154,12301.64,Diesel,506543.6,492561.6,2022-04-01,4,2022
997,6997,111,19,126,6606.96,Electricity,282488.4,273919.4,2022-05-01,5,2022
1781,9916,186,23,217,10453.08,Electricity,431644.2,418937.2,2022-06-01,6,2022
2334,8687,111,27,320,11083.52,Diesel,453912.80000000005,448166.80000000005,2022-07-01,7,2022
1551,7151,240,28,330,8671.78,Diesel,363953.2,350449.2,2022-08-01,8,2022
943,9018,124,16,152,7519.839999999999,Electricity,318625.6,308992.6,2022-09-01,9,2022
1408,8110,144,17,394,8431.64,Electricity,352660.6,346740.6,2022-10-01,10,2022
2024,6970,342,26,332,10203.92,Diesel,420414.8,406145.8,2022-11-01,11,2022
1947,5197,221,15,257,8659.359999999999,Diesel,362413.39999999997,350405.39999999997,2022-12-01,12,2022
986,10765,246,9,368,8970.38,Electricity,369465.19999999995,362084.19999999995,2023-01-01,1,2023
2149,7626,154,5,120,10141.32,Diesel,421393.8,412775.8,2023-02-01,2,2023
1263,11534,337,28,152,10395.34,Electricity,432651.6,418662.6,2023-03-01,3,2023
2172,6202,199,7,374,9701.659999999998,Diesel,400653.3999999999,391210.3999999999,2023-04-01,4,2023
1459,11697,272,26,380,10817.820000000002,Electricity,450588.80000000005,445316.80000000005,2023-05-01,5,2023
1563,10567,235,23,313,10385.04,Electricity,428663.60000000003,421890.60000000003,2023-06-01,6,2023
1754,10742,320,27,130,11250.12,Electricity,461342.80000000005,453795.80000000005,2023-07-01,7,2023
1202,10788,218,11,282,9447.960000000001,Electricity,392914.4,384750.4,2023-08-01,8,2023
2169,10408,152,16,122,11592.52,Diesel,479480.80000000005,469700.80000000005,2023-09-01,9,2023
2334,7035,282,19,131,10808.62,Diesel,445171.80000000005,439225.80000000005,2023-10-01,10,2023
946,5477,131,29,173,5801.680000000001,Electricity,247299.20000000004,241793.20000000004,2023-11-01,11,2023
1971,6254,150,9,109,8966.88,Diesel,370892.19999999995,359173.19999999995,2023-12-01,12,2023
1663,5922,143,19,153,7971.740000000001,Diesel,332408.60000000003,318973.60000000003,2024-01-01,1,2024
1288,5419,181,12,151,6839.44,Diesel,291422.6,277725.6,2024-02-01,2,2024
1728,7204,297,14,247,9338.74,Diesel,392778.6,381418.6,2024-03-01,3,2024
2463,7597,245,20,259,11332.64,Diesel,467688.6,455031.6,2024-04-01,4,2024
1350,6120,310,12,113,7800.0,Diesel,324961.0,316371.0,2024-05-01,5,2024
1137,8068,249,5,277,8014.0599999999995,Electricity,333788.39999999997,327596.39999999997,2024-06-01,6,2024
1671,5950,136,16,152,7978.88,Diesel,335992.2,329528.2,2024-07-01,7,2024
1440,7336,195,9,121,8244.7,Diesel,346819.0,341429.0,2024-08-01,8,2024
1272,10373,155,7,129,9172.159999999998,Electricity,386176.3999999999,375561.3999999999,2024-09-01,9,2024
950,7243,204,5,290,6945.5,Electricity,296951.0,285845.0,2024-10-01,10,2024
2238,7645,158,8,359,10454.74,Diesel,431905.6,418041.6,2024-11-01,11,2024
2121,6857,230,12,304,9992.98,Diesel,413133.19999999995,405573.19999999995,2024-12-01,12,2024
2434,9612,255,7,158,12261.62,Diesel,501912.80000000005,491045.80000000005,2025-01-01,1,2025
1062,10754,301,14,363,9366.06,Electricity,385212.39999999997,379001.39999999997,2025-02-01,2,2025
943,6865,342,6,111,7186.139999999999,Electricity,300349.6,286228.6,2025-03-01,3,2025
1145,7912,134,15,218,7555.200000000001,Electricity,314713.0,308174.0,2025-04-01,4,2025
1423,10237,288,29,389,10052.739999999998,Electricity,413026.5999999999,398922.5999999999,2025-05-01,5,2025
1816,7853,192,14,347,9551.58,Diesel,399045.2,393402.2,2025-06-01,6,2025
2395,11028,281,25,226,12991.300000000001,Diesel,537079.0,523386.0,2025-07-01,7,2025
1680,9910,290,18,174,10528.800000000001,Electricity,437488.00000000006,423567.00000000006,2025-08-01,8,2025
801,11371,306,11,303,8976.980000000001,Electricity,370757.20000000007,364474.20000000007,2025-09-01,9,2025
1696,10996,196,6,148,10766.080000000002,Electricity,441258.20000000007,428578.20000000007,2025-10-01,10,2025
2127,11359,234,13,178,12250.060000000001,Diesel,509943.4,497598.4,2025-11-01,11,2025
1053,11158,175,20,340,9105.54,Electricity,381307.60000000003,371921.60000000003,2025-12-01,12,2025
2475,8228,148,17,253,11336.0,Diesel,468189.0,462270.0,2026-01-01,1,2026
1252,8719,193,13,373,8480.560000000001,Electricity,352727.4,345388.4,2026-02-01,2,2026
1860,8228,312,24,195,10258.599999999999,Diesel,424872.99999999994,410925.99999999994,2026-03-01,3,2026
1983,11190,258,8,313,11884.640000000001,Electricity,486520.60000000003,475590.60000000003,2026-04-01,4,2026
1814,7371,285,26,393,9654.320000000002,Diesel,404738.80000000005,394336.80000000005,2026-05-01,5,2026
808,7891,288,14,308,7197.340000000001,Electricity,305119.60000000003,294456.60000000003,2026-06-01,6,2026
2056,8756,123,26,187,10387.18,Diesel,430649.2,420374.2,2026-07-01,7,2026
1922,9225,247,16,363,10719.76,Diesel,438996.4,433489.4,2026-08-01,8,2026
2482,5094,136,21,256,9751.160000000002,Diesel,404921.4000000001,398485.4000000001,2026-09-01,9,2026
1615,7674,103,18,255,8598.300000000001,Diesel,355251.00000000006,341501.00000000006,2026-10-01,10,2026
1007,11898,319,18,238,9833.460000000001,Electricity,404479.4,392125.4,2026-11-01,11,2026
1954,6955,207,29,220,9517.52,Diesel,395327.80000000005,385811.80000000005,2026-12-01,12,2026
1203,5793,225,6,164,6948.040000000001,Diesel,295310.60000000003,286688.60000000003,2027-01-01,1,2027
951,6834,119,25,206,6453.38,Electricity,270825.2,261426.2,2027-02-01,2,2027
853,7116,287,29,246,6932.54,Electricity,294624.6,284587.6,2027-03-01,3,2027
1943,10779,251,24,236,11551.240000000002,Electricity,475304.6000000001,462193.6000000001,2027-04-01,4,2027
2496,9106,149,15,261,11833.980000000001,Diesel,491640.20000000007,482925.20000000007,2027-05-01,5,2027
1427,8325,276,20,199,9016.66,Electricity,375879.4,363042.4,2027-06-01,6,2027
1386,10961,278,23,240,10243.58,Electricity,423851.2,417550.2,2027-07-01,7,2027
2448,7919,195,27,182,11271.439999999999,Diesel,463877.6,451507.6,2027-08-01,8,2027
2243,7597,204,10,276,10590.940000000002,Diesel,435494.6000000001,425309.6000000001,2027-09-01,9,2027
2245,8205,263,28,297,11132.6,Diesel,464300.0,457145.0,2027-10-01,10,2027
903,9807,349,23,211,8614.840000000002,Electricity,363729.6000000001,352318.6000000001,2027-11-01,11,2027
1053,11166,216,9,155,9202.84,Electricity,380902.6,369537.6,2027-12-01,12,2027
2050,5814,197,8,278,9155.7,Diesel,380103.0,374411.0,2028-01-01,1,2028
1935,5345,327,19,285,9082.599999999999,Diesel,380908.99999999994,374430.99999999994,2028-02-01,2,2028
1309,7349,165,8,317,7833.120000000001,Electricity,333126.80000000005,321730.80000000005,2028-03-01,3,2028
2296,5362,178,24,316,9549.28,Diesel,400106.2,386658.2,2028-04-01,4,2028
898,7443,261,14,219,7102.240000000001,Electricity,300144.60000000003,294703.60000000003,2028-05-01,5,2028
952,7265,263,28,274,7192.760000000001,Electricity,301592.4,293946.4,2028-06-01,6,2028
1713,7188,105,26,122,8607.94,Diesel,361492.60000000003,351283.60000000003,2028-07-01,7,2028
1677,8005,138,7,312,9050.66,Diesel,379155.4,367622.4,2028-08-01,8,2028
1137,8281,269,9,334,8206.76,Electricity,343291.4,333614.4,2028-09-01,9,2028
1621,5984,342,10,112,8567.68,Diesel,357442.2,345231.2,2028-10-01,10,2028
1986,6639,214,25,200,9460.98,Diesel,390826.19999999995,375899.19999999995,2028-11-01,11,2028
1756,5827,285,26,123,8672.880000000001,Diesel,363497.20000000007,355852.20000000007,2028-12-01,12,2028
960,7730,345,12,110,7681.7,Electricity,326401.0,313191.0,2029-01-01,1,2029
2403,8531,224,11,372,11577.140000000001,Diesel,478951.60000000003,464635.60000000003,2029-02-01,2,2029
1600,9451,111,25,380,9508.0,Electricity,392886.0,379953.0,2029-03-01,3,2029
1197,10443,230,14,193,9289.859999999999,Electricity,382569.39999999997,372093.39999999997,2029-04-01,4,2029
2100,7935,336,10,300,10843.5,Diesel,450952.0,438024.0,2029-05-01,5,2029
1615,8876,117,18,120,9221.300000000001,Electricity,387998.00000000006,380918.00000000006,2029-06-01,6,2029
2327,10959,139,8,310,12273.960000000001,Diesel,502220.4,491131.4,2029-07-01,7,2029
2215,5126,120,29,239,9001.8,Diesel,375119.0,362723.0,2029-08-01,8,2029
1958,8177,242,17,392,10281.74,Diesel,430404.6,415665.6,2029-09-01,9,2029
2018,8056,324,24,397,10678.44,Diesel,444519.60000000003,431722.60000000003,2029-10-01,10,2029
1200,5603,198,21,200,6775.7,Diesel,287259.0,281398.0,2029-11-01,11,2029
1439,8449,125,27,127,8576.32,Electricity,356379.8,343033.8,2029-12-01,12,2029
1856,11024,107,11,140,10901.78,Electricity,451701.2,443207.2,2030-01-01,1,2030
1487,10109,199,8,245,9794.76,Electricity,404049.4,398145.4,2030-02-01,2,2030
1259,9146,339,18,355,9226.220000000001,Electricity,380305.80000000005,374036.80000000005,2030-03-01,3,2030
1754,8533,321,7,326,10164.320000000002,Diesel,417036.80000000005,411632.80000000005,2030-04-01,4,2030
1269,8367,186,28,335,8336.02,Electricity,346734.80000000005,332699.80000000005,2030-05-01,5,2030
2198,8368,141,9,112,10601.339999999998,Diesel,440827.5999999999,425853.5999999999,2030-06-01,6,2030
1845,8797,271,20,309,10377.4,Diesel,432527.0,417771.0,2030-07-01,7,2030
1549,11922,113,27,328,10605.82,Electricity,435462.8,429278.8,2030-08-01,8,2030
2493,10526,177,24,199,12632.34,Diesel,524369.6,510431.6,2030-09-01,9,2030
837,6792,101,8,130,6028.26,Electricity,254935.40000000002,248210.40000000002,2030-10-01,10,2030
1029,7861,218,28,115,7507.820000000001,Electricity,316731.80000000005,303269.80000000005,2030-11-01,11,2030
2188,10732,136,28,236,11786.640000000001,Diesel,487215.60000000003,476404.60000000003,2030-12-01,12,2030
1362,8476,168,6,265,8536.36,Electricity,355310.4,344704.4,2031-01-01,1,2031
1237,8417,265,22,199,8517.359999999999,Electricity,353829.39999999997,344873.39999999997,2031-02-01,2,2031
2106,6645,336,23,208,10211.78,Diesel,425424.2,420253.2,2031-03-01,3,2031
826,11563,140,23,272,8567.18,Electricity,361803.2,348338.2,2031-04-01,4,2031
1025,6205,161,21,336,6505.4,Electricity,276250.0,268944.0,2031-05-01,5,2031
2100,8030,345,18,261,10924.300000000001,Diesel,451561.00000000006,437211.00000000006,2031-06-01,6,2031
1597,7872,159,23,315,8863.06,Diesel,366068.39999999997,351170.39999999997,2031-07-01,7,2031
2432,8072,224,26,363,11441.560000000001,Diesel,473727.4,458764.4,2031-08-01,8,2031
1083,6854,210,28,362,7170.4400000000005,Electricity,297911.60000000003,292490.60000000003,2031-09-01,9,2031
1678,9021,113,17,391,9501.640000000001,Electricity,392476.60000000003,381936.60000000003,2031-10-01,10,2031
1759,9662,347,16,373,10853.42,Electricity,446753.8,432352.8,2031-11-01,11,2031
2304,11514,330,10,102,13119.12,Diesel,543718.8,534043.8,2031-12-01,12,2031
1252,10031,316,25,127,9532.26,Electricity,395435.4,381353.4,2032-01-01,1,2032
1819,11030,183,8,248,11089.62,Electricity,456359.80000000005,444611.80000000005,2032-02-01,2,2032
1615,7708,229,23,127,9036.7,Diesel,378096.0,366993.0,2032-03-01,3,2032
1458,8502,330,20,164,9370.24,Electricity,387964.6,381491.6,2032-04-01,4,2032
2339,6332,169,17,120,10070.42,Diesel,416786.8,408543.8,2032-05-01,5,2032
1346,5201,244,8,351,7141.580000000001,Diesel,303635.2,296454.2,2032-06-01,6,2032
2015,8507,222,27,334,10529.9,Diesel,439971.0,425330.0,2032-07-01,7,2032
1872,11456,188,21,326,11493.36,Electricity,475149.4,467053.4,2032-08-01,8,2032
2335,9212,348,27,112,12136.599999999999,Diesel,499794.99999999994,488148.99999999994,2032-09-01,9,2032
816,10032,127,5,148,7682.9800000000005,Electricity,319261.2,304479.2,2032-10-01,10,2032
1995,5574,165,22,217,8780.9,Diesel,367262.0,356380.0,2032-11-01,11,2032
2043,11387,262,24,153,12145.140000000001,Electricity,504106.60000000003,493124.60000000003,2032-12-01,12,2032
957,5536,328,21,237,6553.36,Electricity,272325.4,261527.40000000002,2033-01-01,1,2033
1276,6625,104,19,152,7149.38,Diesel,305070.2,290443.2,2033-02-01,2,2033
1869,7122,292,15,143,9638.52,Diesel,396401.80000000005,382986.80000000005,2033-03-01,3,2033
2196,5385,267,29,152,9577.48,Diesel,399810.19999999995,386399.19999999995,2033-04-01,4,2033
1317,8281,303,26,173,8796.360000000002,Electricity,371129.4000000001,356283.4000000001,2033-05-01,5,2033
898,5474,283,17,145,6183.54,Electricity,257990.6,244534.6,2033-06-01,6,2033
1860,5417,263,5,112,8642.199999999999,Diesel,359821.99999999994,345676.99999999994,2033-07-01,7,2033
1079,11490,144,21,264,9218.720000000001,Electricity,386335.80000000005,376811.80000000005,2033-08-01,8,2033
2172,8600,250,10,201,11048.16,Diesel,460754.4,449195.4,2033-09-01,9,2033
1296,11783,146,8,379,9961.18,Electricity,409483.2,396863.2,2033-10-01,10,2033
1101,10034,130,24,357,8522.88,Electricity,355046.19999999995,347272.19999999995,2033-11-01,11,2033
980,5954,238,20,237,6507.799999999999,Electricity,272460.0,261787.0,2033-12-01,12,2033
1406,9971,109,19,262,9210.279999999999,Electricity,383868.19999999995,375744.19999999995,2034-01-01,1,2034
1922,9858,294,19,210,11173.759999999998,Diesel,463029.3999999999,449358.3999999999,2034-02-01,2,2034
1499,10298,217,10,201,9978.02,Electricity,411550.80000000005,405197.80000000005,2034-03-01,3,2034
1792,6205,113,19,116,8346.560000000001,Diesel,345741.4,331660.4,2034-04-01,4,2034
1939,9759,179,18,367,10797.52,Diesel,449442.80000000005,440588.80000000005,2034-05-01,5,2034
990,9120,301,15,281,8340.900000000001,Electricity,345647.00000000006,332513.00000000006,2034-06-01,6,2034
1052,6990,192,11,123,7024.160000000001,Electricity,294339.4,288415.4,2034-07-01,7,2034
1780,10299,109,13,128,10342.600000000002,Electricity,431061.0000000001,423891.0000000001,2034-08-01,8,2034
1727,9805,175,20,270,10221.36,Electricity,420143.4,409637.4,2034-09-01,9,2034
1984,8572,193,9,327,10354.819999999998,Diesel,425639.79999999993,418244.79999999993,2034-10-01,10,2034
2079,10975,204,29,287,11865.42,Diesel,487815.8,474595.8,2034-11-01,11,2034
2146,10280,100,24,329,11335.88,Diesel,469816.19999999995,456590.19999999995,2034-12-01,12,2034
927,11320,232,14,218,9016.76,Electricity,378192.4,367677.4,2035-01-01,1,2035
817,9380,119,22,255,7373.459999999999,Electricity,310997.39999999997,303327.39999999997,2035-02-01,2,2035
1365,9158,107,7,371,8694.300000000001,Electricity,360955.00000000006,352590.00000000006,2035-03-01,3,2035
1369,10098,270,17,274,9738.119999999999,Electricity,404986.79999999993,399398.79999999993,2035-04-01,4,2035
2146,9757,303,15,203,11748.880000000001,Diesel,483171.20000000007,475033.20000000007,2035-05-01,5,2035
1485,7713,100,21,191,8249.7,Diesel,343124.0,329029.0,2035-06-01,6,2035
1425,7203,156,26,285,8054.7,Diesel,335506.0,323843.0,2035-07-01,7,2035
2111,10588,163,17,382,11618.779999999999,Diesel,477533.19999999995,468447.19999999995,2035-08-01,8,2035
1653,8120,217,10,280,9317.54,Diesel,391883.60000000003,378352.60000000003,2035-09-01,9,2035
2486,5966,311,21,269,10812.98,Diesel,450176.19999999995,440906.19999999995,2035-10-01,10,2035
1761,9944,127,17,286,10213.58,Electricity,423463.2,412444.2,2035-11-01,11,2035
2462,10203,220,23,274,12552.06,Diesel,518406.39999999997,503500.39999999997,2035-12-01,12,2035
954,8432,206,25,321,7587.92,Electricity,319843.8,314287.8,2036-01-01,1,2036
1289,5688,264,23,332,7316.52,Diesel,311077.80000000005,298055.80000000005,2036-02-01,2,2036
2209,9243,274,14,261,11569.62,Diesel,473560.80000000005,463108.80000000005,2036-03-01,3,2036
1584,8701,328,7,233,9798.619999999999,Electricity,407152.79999999993,398585.79999999993,2036-04-01,4,2036
1927,5341,303,18,323,8981.560000000001,Diesel,369949.4,361050.4,2036-05-01,5,2036
2216,11619,264,23,252,12750.380000000001,Diesel,520544.20000000007,509067.20000000007,2036-06-01,6,2036
1045,10182,148,9,132,8446.8,Electricity,352939.0,340439.0,2036-07-01,7,2036
1999,6724,340,9,154,9950.919999999998,Diesel,416116.79999999993,410100.79999999993,2036-08-01,8,2036
1862,10479,219,24,106,11046.16,Electricity,457364.4,445894.4,2036-09-01,9,2036
2300,11704,143,21,343,12610.300000000001,Diesel,516565.00000000006,509503.00000000006,2036-10-01,10,2036
1558,9422,155,25,225,9503.94,Electricity,399643.60000000003,385613.60000000003,2036-11-01,11,2036
1337,6792,255,14,111,7910.66,Diesel,332520.4,317691.4,2036-12-01,12,2036
1720,6759,210,9,115,8757.9,Diesel,367290.0,357969.0,2037-01-01,1,2037
1207,8212,306,8,307,8482.76,Electricity,359028.4,350532.4,2037-02-01,2,2037
1324,5989,233,10,142,7398.719999999999,Diesel,310722.8,303909.8,2037-03-01,3,2037
1627,7262,207,8,234,8772.26,Diesel,368582.4,357326.4,2037-04-01,4,2037
2329,7482,288,11,327,11069.320000000002,Diesel,455875.80000000005,441232.80000000005,2037-05-01,5,2037
1702,5951,247,11,210,8456.560000000001,Diesel,350702.4,343389.4,2037-06-01,6,2037
835,5722,213,22,259,5922.5,Electricity,251035.0,236329.0,2037-07-01,7,2037
1484,8389,177,7,363,8872.12,Electricity,372008.80000000005,365777.80000000005,2037-08-01,8,2037
819,7079,229,5,324,6606.72,Electricity,279469.8,264632.8,2037-09-01,9,2037
1120,7717,300,28,316,8006.900000000001,Electricity,331120.0,320289.0,2037-10-01,10,2037
1311,7332,136,29,144,7719.08,Electricity,319209.2,311210.2,2037-11-01,11,2037
1199,8376,119,8,313,7890.02,Electricity,329515.80000000005,321075.80000000005,2037-12-01,12,2037
1453,9524,125,10,158,9137.140000000001,Electricity,378594.60000000003,369538.60000000003,2038-01-01,1,2038
1771,6500,128,13,231,8506.080000000002,Diesel,351477.20000000007,346172.20000000007,2038-02-01,2,2038
1270,5285,100,26,203,6467.900000000001,Diesel,275303.0,260388.0,2038-03-01,3,2038
1966,8495,218,18,294,10359.78,Diesel,424617.2,417928.2,2038-04-01,4,2038
1915,7065,134,16,256,9204.100000000002,Diesel,382307.0000000001,367598.0000000001,2038-05-01,5,2038
2177,5768,297,29,197,9832.06,Diesel,410467.39999999997,401550.39999999997,2038-06-01,6,2038
1633,11733,328,24,325,11484.74,Electricity,474947.6,462867.6,2038-07-01,7,2038
1526,10490,344,28,304,10633.08,Electricity,435509.2,421898.2,2038-08-01,8,2038
1653,8057,158,29,178,9081.94,Diesel,375812.60000000003,367876.60000000003,2038-09-01,9,2038
850,9289,168,8,223,7564.700000000001,Electricity,314520.0,305658.0,2038-10-01,10,2038
2488,11645,260,25,317,13493.74,Diesel,558789.6,544147.6,2038-11-01,11,2038
1374,10083,340,28,103,9968.02,Electricity,410752.80000000005,400103.80000000005,2038-12-01,12,2038
2013,10232,278,16,189,11540.84,Diesel,472885.6,464624.6,2039-01-01,1,2039
1948,7161,305,14,203,9926.039999999999,Diesel,412550.6,398194.6,2039-02-01,2,2039
949,8293,111,26,218,7153.12,Electricity,301198.8,294379.8,2039-03-01,3,2039
1113,10797,333,11,232,9606.44,Electricity,396138.60000000003,389796.60000000003,2039-04-01,4,2039
1369,5946,119,7,195,7105.82,Diesel,294501.8,283941.8,2039-05-01,5,2039
2165,9926,280,27,242,11826.0,Diesel,484670.0,477444.0,2039-06-01,6,2039
1104,11016,341,18,387,9759.220000000001,Electricity,404773.80000000005,398694.80000000005,2039-07-01,7,2039
1481,8335,315,28,127,9298.08,Electricity,388062.2,378856.2,2039-08-01,8,2039
1637,9150,142,14,377,9551.359999999999,Electricity,393628.39999999997,382348.39999999997,2039-09-01,9,2039
1877,9895,225,20,332,10855.76,Diesel,445925.4,433690.4,2039-10-01,10,2039
1802,9873,325,20,116,10950.560000000001,Electricity,451280.4,445467.4,2039-11-01,11,2039
1243,6481,316,26,158,7740.54,Diesel,322883.6,312794.6,2039-12-01,12,2039
1412,6901,149,14,189,7810.76,Diesel,323875.4,316844.4,2040-01-01,1,2040
1792,11305,128,29,298,10997.460000000001,Electricity,456161.4,442647.4,2040-02-01,2,2040
1063,8451,284,17,125,8113.74,Electricity,342960.6,328865.6,2040-03-01,3,2040
1876,9064,138,10,124,10079.48,Diesel,413231.19999999995,398498.19999999995,2040-04-01,4,2040
2395,11230,322,16,366,13253.000000000002,Diesel,550069.0000000001,539158.0000000001,2040-05-01,5,2040
1803,5054,283,13,280,8421.140000000001,Diesel,352415.60000000003,344762.60000000003,2040-06-01,6,2040
2443,6823,338,17,167,11195.54,Diesel,465400.60000000003,457060.60000000003,2040-07-01,7,2040
804,10297,270,8,148,8287.420000000002,Electricity,343162.80000000005,330286.80000000005,2040-08-01,8,2040
1926,8462,277,28,274,10450.58,Diesel,434924.2,428783.2,2040-09-01,9,2040
2019,8079,250,15,151,10373.62,Diesel,427729.80000000005,413688.80000000005,2040-10-01,10,2040
1573,5832,271,24,201,8149.14,Diesel,336684.60000000003,323126.60000000003,2040-11-01,11,2040
1676,9408,137,22,315,9764.58,Electricity,409180.2,401283.2,2040-12-01,12,2040
1791,7806,183,15,287,9418.78,Diesel,393606.2,379325.2,2041-01-01,1,2041
1683,10954,250,29,156,10928.44,Electricity,449431.60000000003,440390.60000000003,2041-02-01,2,2041
2173,11103,227,25,146,12228.84,Diesel,507416.6,500378.6,2041-03-01,3,2041
846,11102,225,8,258,8666.980000000001,Electricity,366100.20000000007,356830.20000000007,2041-04-01,4,2041
1666,7490,144,22,273,8794.880000000001,Diesel,371554.20000000007,361871.20000000007,2041-05-01,5,2041
1622,10886,151,5,341,10392.66,Electricity,430188.4,424694.4,2041-06-01,6,2041
1735,5327,179,11,381,8029.2,Diesel,331866.0,319750.0,2041-07-01,7,2041
1455,11904,277,10,340,10900.9,Electricity,453279.0,446495.0,2041-08-01,8,2041
1068,8310,333,19,104,8226.339999999998,Electricity,348071.5999999999,339561.5999999999,2041-09-01,9,2041
1169,8300,223,22,183,8126.42,Electricity,340974.8,332188.8,2041-10-01,10,2041
1435,11722,218,28,347,10572.8,Electricity,433260.0,422994.0,2041-11-01,11,2041
1929,8675,107,15,153,9930.320000000002,Diesel,412586.80000000005,398396.80000000005,2041-12-01,12,2041
2493,8054,341,24,260,11982.54,Diesel,497170.60000000003,486742.60000000003,2042-01-01,1,2042
2482,10383,184,28,325,12585.86,Diesel,513741.4,502060.4,2042-02-01,2,2042
1456,7143,228,19,114,8317.179999999998,Diesel,346103.19999999995,334210.19999999995,2042-03-01,3,2042
919,10207,346,20,323,8866.02,Electricity,369460.80000000005,354817.80000000005,2042-04-01,4,2042
1630,6311,107,11,160,7943.6,Diesel,331302.0,316359.0,2042-05-01,5,2042
2427,8191,256,25,221,11570.060000000001,Diesel,477280.4,467622.4,2042-06-01,6,2042
1881,11957,195,14,376,11794.08,Electricity,488294.2,476212.2,2042-07-01,7,2042
2169,7538,201,16,145,10333.62,Diesel,427964.80000000005,416095.80000000005,2042-08-01,8,2042
1540,8983,104,28,393,9094.900000000001,Electricity,376781.00000000006,364174.00000000006,2042-09-01,9,2042
2297,9547,338,18,161,12166.26,Diesel,504762.4,492093.4,2042-10-01,10,2042
916,10619,185,29,185,8483.68,Electricity,357814.2,346595.2,2042-11-01,11,2042
1590,5164,274,9,309,7874.8,Diesel,327539.0,318005.0,2042-12-01,12,2042
1950,9277,133,25,177,10395.4,Diesel,426152.0,415173.0,2043-01-01,1,2043
2216,11612,292,22,301,12853.480000000001,Diesel,527118.2000000001,513228.20000000007,2043-02-01,2,2043
1812,10005,154,9,322,10472.859999999999,Electricity,432882.39999999997,426570.39999999997,2043-03-01,3,2043
2464,11878,218,7,321,13378.12,Diesel,546034.8,538072.8,2043-04-01,4,2043
1881,5822,317,27,102,9114.38,Diesel,376571.19999999995,368633.19999999995,2043-05-01,5,2043
1433,5943,270,9,105,7788.740000000001,Diesel,324678.60000000003,316481.60000000003,2043-06-01,6,2043
1312,11097,301,28,192,10190.16,Electricity,423053.4,412757.4,2043-07-01,7,2043
1601,11150,257,21,107,10811.78,Electricity,448600.2,436396.2,2043-08-01,8,2043
1919,9425,213,23,334,10695.32,Diesel,443662.8,432932.8,2043-09-01,9,2043
2461,5774,309,23,207,10632.98,Diesel,439523.19999999995,434397.19999999995,2043-10-01,10,2043
1941,7198,244,29,260,9741.68,Diesel,407113.2,396511.2,2043-11-01,11,2043
1359,8156,125,25,308,8249.220000000001,Electricity,348487.80000000005,342296.80000000005,2043-12-01,12,2043
2424,9242,235,16,339,12026.82,Diesel,501063.8,493424.8,2044-01-01,1,2044
1287,8695,146,29,149,8372.259999999998,Electricity,345204.3999999999,338838.3999999999,2044-02-01,2,2044
2060,8452,331,13,110,10942.9,Diesel,448850.0,434639.0,2044-03-01,3,2044
1696,5914,212,5,255,8301.28,Diesel,346927.2,335474.2,2044-04-01,4,2044
2095,10667,175,22,169,11620.8,Diesel,482934.0,471263.0,2044-05-01,5,2044
2012,6308,318,25,268,9742.76,Diesel,409422.4,397739.4,2044-06-01,6,2044
1503,11843,171,8,371,10631.840000000002,Electricity,443620.6000000001,434081.6000000001,2044-07-01,7,2044
2270,9177,188,14,167,11380.3,Diesel,470804.0,456928.0,2044-08-01,8,2044
1380,5513,145,29,351,7067.4,Diesel,294420.0,286533.0,2044-09-01,9,2044
1589,6920,295,11,147,8793.62,Diesel,365087.80000000005,350433.80000000005,2044-10-01,10,2044
1660,11958,132,26,283,10977.6,Electricity,449990.0,440904.0,2044-11-01,11,2044
1046,11852,100,27,286,9168.880000000001,Electricity,377476.20000000007,370215.20000000007,2044-12-01,12,2044
1899,11035,246,5,189,11511.619999999999,Electricity,478142.79999999993,468962.79999999993,2045-01-01,1,2045
953,8594,130,21,238,7378.84,Electricity,314257.6,306416.6,2045-02-01,2,2045
2479,9841,307,28,188,12709.920000000002,Diesel,521753.80000000005,506794.80000000005,2045-03-01,3,2045
2258,6409,241,6,373,10181.240000000002,Diesel,418119.6000000001,407079.6000000001,2045-04-01,4,2045
1796,9802,152,15,118,10287.880000000001,Electricity,428266.20000000007,419706.20000000007,2045-05-01,5,2045
1909,9566,147,13,253,10479.82,Diesel,429689.8,419931.8,2045-06-01,6,2045
1496,8190,168,11,359,8777.28,Electricity,362847.2,357221.2,2045-07-01,7,2045
2108,9491,204,26,207,11181.54,Diesel,458378.60000000003,448364.60000000003,2045-08-01,8,2045
2043,6555,189,21,384,9516.240000000002,Diesel,393477.6000000001,387102.6000000001,2045-09-01,9,2045
1892,11404,289,21,158,11840.860000000002,Electricity,485281.4000000001,479100.4000000001,2045-10-01,10,2045
1870,5804,319,6,224,9082.1,Diesel,380276.0,369568.0,2045-11-01,11,2045
1808,10029,293,10,372,10971.84,Electricity,455644.6,450154.6,2045-12-01,12,2045
893,6279,341,18,206,6789.04,Electricity,281703.6,272974.6,2046-01-01,1,2046
1757,10853,291,10,398,11245.36,Electricity,462575.4,451601.4,2046-02-01,2,2046
1811,10000,297,6,344,10968.98,Electricity,452194.19999999995,443660.19999999995,2046-03-01,3,2046
1252,10172,162,5,346,9083.560000000001,Electricity,379964.4,371668.4,2046-04-01,4,2046
2027,10986,172,14,107,11565.56,Electricity,479691.39999999997,472751.39999999997,2046-05-01,5,2046
1711,10619,260,25,240,10882.98,Electricity,449831.19999999995,439817.19999999995,2046-06-01,6,2046
1017,8577,268,9,107,7984.259999999999,Electricity,331218.39999999997,324336.39999999997,2046-07-01,7,2046
1273,7901,188,6,193,8065.9400000000005,Electricity,335333.60000000003,325425.60000000003,2046-08-01,8,2046
1231,6387,275,26,138,7513.88,Diesel,312272.2,304285.2,2046-09-01,9,2046
1140,10399,112,20,180,8706.7,Electricity,361340.0,350755.0,2046-10-01,10,2046
1350,9688,172,29,286,9156.0,Electricity,385499.0,377340.0,2046-11-01,11,2046
2435,7761,344,6,183,11654.1,Diesel,478950.0,469420.0,2046-12-01,12,2046
2112,7679,176,14,187,10169.859999999999,Diesel,420585.39999999997,414904.39999999997,2047-01-01,1,2047
2077,7106,258,6,341,10097.760000000002,Diesel,423390.4000000001,413136.4000000001,2047-02-01,2,2047
1156,9223,332,20,192,8933.98,Electricity,371230.19999999995,365157.19999999995,2047-03-01,3,2047
822,9831,302,20,185,8236.46,Electricity,341264.39999999997,333877.39999999997,2047-04-01,4,2047
1321,7768,167,23,143,8064.980000000001,Electricity,334103.20000000007,326410.20000000007,2047-05-01,5,2047
1923,8953,197,11,236,10380.04,Diesel,428509.60000000003,413947.60000000003,2047-06-01,6,2047
1601,8186,224,26,173,9233.480000000001,Diesel,386456.20000000007,377116.20000000007,2047-07-01,7,2047
2003,8280,201,16,135,10257.740000000002,Diesel,425357.6000000001,418201.6000000001,2047-08-01,8,2047
2046,7573,337,28,200,10522.880000000001,Diesel,439178.20000000007,426212.20000000007,2047-09-01,9,2047
1561,9616,231,19,255,9873.779999999999,Electricity,406641.19999999995,399061.19999999995,2047-10-01,10,2047
2482,7599,201,12,354,11239.96,Diesel,469134.39999999997,456877.39999999997,2047-11-01,11,2047
1241,9033,118,10,270,8321.380000000001,Electricity,346158.20000000007,338999.20000000007,2047-12-01,12,2047
2431,5236,297,14,315,10252.380000000001,Diesel,423208.20000000007,411436.20000000007,2048-01-01,1,2048
1568,6304,325,7,269,8553.94,Diesel,361231.60000000003,354604.60000000003,2048-02-01,2,2048
1815,8430,181,23,351,9810.500000000002,Diesel,410270.00000000006,397051.00000000006,2048-03-01,3,2048
2148,10877,240,21,154,12091.14,Diesel,500061.6,487981.6,2048-04-01,4,2048
1315,6301,332,11,190,7887.900000000001,Diesel,327020.0,320035.0,2048-05-01,5,2048
1839,7541,122,25,377,9231.42,Diesel,388180.8,373467.8,2048-06-01,6,2048
1591,7051,182,24,200,8495.18,Diesel,359747.2,346259.2,2048-07-01,7,2048
1135,11809,208,8,254,9734.699999999999,Electricity,403311.99999999994,396130.99999999994,2048-08-01,8,2048
1057,5441,174,18,240,6231.860000000001,Diesel,267889.4,260593.40000000002,2048-09-01,9,2048
1296,7076,228,24,272,7892.4800000000005,Electricity,335482.2,323318.2,2048-10-01,10,2048
1695,8180,187,26,109,9340.1,Diesel,388089.0,380492.0,2048-11-01,11,2048
959,7657,153,19,327,7022.320000000001,Electricity,298992.80000000005,293091.80000000005,2048-12-01,12,2048
2298,8798,298,28,364,11707.039999999999,Diesel,486965.6,475905.6,2049-01-01,1,2049
1651,5804,188,12,347,8068.48,Diesel,332930.19999999995,318640.19999999995,2049-02-01,2,2049
2487,5074,312,25,346,10393.36,Diesel,434424.4,427747.4,2049-03-01,3,2049
1489,11981,242,19,254,10901.619999999999,Electricity,450981.79999999993,443100.79999999993,2049-04-01,4,2049
2498,7175,164,26,133,10913.94,Diesel,452388.60000000003,441766.60000000003,2049-05-01,5,2049
1179,8924,175,24,228,8308.62,Electricity,351792.80000000005,338740.80000000005,2049-06-01,6,2049
2368,7089,349,18,259,11185.640000000001,Diesel,461747.60000000003,455369.60000000003,2049-07-01,7,2049
1756,10475,298,13,188,11039.78,Electricity,458590.2,452342.2,2049-08-01,8,2049
1490,5040,242,12,192,7413.0,Diesel,315528.0,304878.0,2049-09-01,9,2049
2250,7081,248,21,340,10531.7,Diesel,438550.0,427471.0,2049-10-01,10,2049
2436,10796,246,6,216,12837.880000000001,Diesel,533180.2000000001,518724.20000000007,2049-11-01,11,2049
2091,10497,159,29,193,11482.28,Diesel,478569.2,466533.2,2049-12-01,12,2049
2400,9683,192,28,262,12031.5,Diesel,493134.0,481647.0,2050-01-01,1,2050
2240,6622,316,7,198,10468.2,Diesel,437790.0,431732.0,2050-02-01,2,2050
1991,5341,260,12,212,8973.18,Diesel,373690.2,366642.2,2050-03-01,3,2050
1866,9052,148,16,190,10102.080000000002,Diesel,422547.20000000007,411432.20000000007,2050-04-01,4,2050
2379,7074,323,5,305,11110.220000000001,Diesel,463629.80000000005,454381.80000000005,2050-05-01,5,2050
1084,5645,340,14,116,6957.620000000001,Diesel,289355.80000000005,281879.80000000005,2050-06-01,6,2050
1196,9826,134,24,373,8690.68,Electricity,367392.2,357789.2,2050-07-01,7,2050
811,9263,271,7,272,7816.279999999999,Electricity,330189.19999999995,321636.19999999995,2050-08-01,8,2050
2430,5609,201,10,215,10075.400000000001,Diesel,420427.00000000006,405474.00000000006,2050-09-01,9,2050
2125,11411,317,11,280,12579.2,Electricity,519488.0,514268.0,2050-10-01,10,2050
2076,10868,110,24,190,11449.48,Diesel,470084.19999999995,460266.19999999995,2050-11-01,11,2050
1298,11136,198,27,181,9808.24,Electricity,402636.6,390444.6,2050-12-01,12,2050
1553,11964,299,29,213,11267.94,Electricity,468454.60000000003,458831.60000000003,2051-01-01,1,2051
834,5454,209,22,356,5791.22,Electricity,245007.80000000002,232658.80000000002,2051-02-01,2,2051
1526,7953,305,15,157,9183.08,Diesel,380499.2,369881.2,2051-03-01,3,2051
1648,6708,173,23,253,8454.34,Diesel,349424.6,334568.6,2051-04-01,4,2051
889,8472,293,9,215,7697.820000000001,Electricity,323278.80000000005,311069.80000000005,2051-05-01,5,2051
1575,7969,273,23,365,9261.6,Diesel,381981.0,372405.0,2051-06-01,6,2051
1404,8028,108,15,302,8233.12,Electricity,345550.80000000005,338679.80000000005,2051-07-01,7,2051
1769,9797,102,28,140,10058.02,Electricity,417625.80000000005,404710.80000000005,2051-08-01,8,2051
2425,7681,184,16,204,11043.5,Diesel,461310.0,454848.0,2051-09-01,9,2051
1821,8629,125,14,292,9707.48,Diesel,404168.19999999995,393647.19999999995,2051-10-01,10,2051
1217,10695,171,12,377,9297.36,Electricity,389933.4,376397.4,2051-11-01,11,2051
914,9225,147,28,336,7677.320000000001,Electricity,321983.80000000005,308747.80000000005,2051-12-01,12,2051
1416,8067,293,13,320,8933.480000000001,Electricity,372331.20000000007,359518.20000000007,2052-01-01,1,2052
2019,10941,297,8,167,11963.92,Electricity,490517.8,483449.8,2052-02-01,2,2052
1625,6386,255,9,296,8510.5,Diesel,353283.0,342530.0,2052-03-01,3,2052
2324,8776,216,25,355,11473.32,Diesel,475535.8,463298.8,2052-04-01,4,2052
2449,7866,320,12,238,11678.32,Diesel,481699.8,469683.8,2052-05-01,5,2052
2316,9788,253,27,248,12068.380000000001,Diesel,499248.20000000007,488057.20000000007,2052-06-01,6,2052
1898,8363,252,13,198,10205.34,Diesel,422218.6,415704.6,2052-07-01,7,2052
1212,10490,111,19,175,8939.46,Electricity,376692.39999999997,369094.39999999997,2052-08-01,8,2052
2199,9889,232,19,381,11748.82,Diesel,480135.8,474134.8,2052-09-01,9,2052
2243,9124,325,20,208,11776.340000000002,Diesel,488808.6000000001,482775.6000000001,2052-10-01,10,2052
1528,5148,147,18,287,7262.540000000001,Diesel,303859.60000000003,291960.60000000003,2052-11-01,11,2052
2100,8850,136,12,298,10603.0,Diesel,440735.0,427270.0,2052-12-01,12,2052
1820,10415,306,22,253,11233.1,Electricity,468914.0,458863.0,2053-01-01,1,2053
1560,7058,143,14,139,8254.899999999998,Diesel,346992.9999999999,332021.9999999999,2053-02-01,2,2053
1475,11819,327,24,232,11082.199999999999,Electricity,462015.99999999994,452539.99999999994,2053-03-01,3,2053
2217,6136,114,10,231,9466.760000000002,Diesel,396348.4000000001,390870.4000000001,2053-04-01,4,2053
1256,5186,142,16,378,6550.88,Diesel,277733.2,272218.2,2053-05-01,5,2053
1719,7854,275,6,183,9540.220000000001,Diesel,392881.80000000005,386690.80000000005,2053-06-01,6,2053
991,11887,186,11,341,9331.780000000002,Electricity,389924.20000000007,378627.20000000007,2053-07-01,7,2053
1538,6250,169,20,215,7905.34,Diesel,327309.6,312706.6,2053-08-01,8,2053
1922,6333,145,7,208,8874.96,Diesel,374495.39999999997,369224.39999999997,2053-09-01,9,2053
2371,9193,341,17,320,12228.68,Diesel,508254.2,494920.2,2053-10-01,10,2053
1777,9150,207,7,140,10098.26,Diesel,421932.4,409154.4,2053-11-01,11,2053
1808,11766,222,22,246,11581.04,Electricity,477488.60000000003,466480.60000000003,2053-12-01,12,2053
895,7711,270,15,211,7259.3,Electricity,309592.0,296605.0,2054-01-01,1,2054
2487,9853,336,12,202,12822.46,Diesel,528212.3999999999,519880.3999999999,2054-02-01,2,2054
1462,9501,120,10,145,9129.66,Electricity,378540.4,372753.4,2054-03-01,3,2054
2013,11212,250,5,370,11955.84,Electricity,488503.6,477281.6,2054-04-01,4,2054
836,10408,206,5,294,8230.279999999999,Electricity,340397.19999999995,325524.19999999995,2054-05-01,5,2054
2192,6785,346,27,379,10586.26,Diesel,439755.4,434133.4,2054-06-01,6,2054
2348,5750,179,12,382,9884.939999999999,Diesel,407795.6,398954.6,2054-07-01,7,2054
1078,6762,146,9,139,6819.64,Electricity,289780.60000000003,281104.60000000003,2054-08-01,8,2054
1016,8920,216,20,288,8020.4800000000005,Electricity,338118.2,330546.2,2054-09-01,9,2054
1666,9460,223,15,263,10045.980000000001,Electricity,416021.20000000007,404106.20000000007,2054-10-01,10,2054
1672,11122,242,9,123,10924.359999999999,Electricity,456877.39999999997,446844.39999999997,2054-11-01,11,2054
2096,5481,124,8,123,8825.980000000001,Diesel,365269.20000000007,352481.20000000007,2054-12-01,12,2054
861,11344,135,10,103,8484.58,Electricity,355894.2,345680.2,2055-01-01,1,2055
1395,5153,302,18,389,7471.500000000001,Diesel,308988.00000000006,299276.00000000006,2055-02-01,2,2055
1528,6524,150,26,280,7969.240000000001,Diesel,338230.60000000003,333164.60000000003,2055-03-01,3,2055
2165,7120,114,23,347,9858.2,Diesel,408000.0,395467.0,2055-04-01,4,2055
1196,11856,167,13,215,9776.380000000001,Electricity,410848.20000000007,401232.20000000007,2055-05-01,5,2055
1498,7343,120,16,378,8200.94,Diesel,342802.60000000003,336662.60000000003,2055-06-01,6,2055
1842,10136,240,15,168,10896.160000000002,Electricity,449816.4000000001,439086.4000000001,2055-07-01,7,2055
976,10760,313,18,353,9183.380000000001,Electricity,384880.20000000007,372415.20000000007,2055-08-01,8,2055
2435,6240,118,27,280,10147.199999999999,Diesel,421439.99999999994,407060.99999999994,2055-09-01,9,2055
1195,5060,133,20,268,6275.700000000001,Diesel,261655.00000000003,252184.00000000003,2055-10-01,10,2055
1244,5938,177,5,348,6998.02,Diesel,296509.80000000005,288170.80000000005,2055-11-01,11,2055
2056,6639,224,17,287,9691.38,Diesel,399699.19999999995,394151.19999999995,2055-12-01,12,2055
875,11185,295,27,153,9033.0,Electricity,373661.0,360986.0,2056-01-01,1,2056
1064,9120,339,25,237,8675.42,Electricity,362900.8,349636.8,2056-02-01,2,2056
1254,10158,216,25,267,9279.12,Electricity,389349.80000000005,384151.80000000005,2056-03-01,3,2056
1517,9226,151,17,202,9267.86,Electricity,380963.4,365990.4,2056-04-01,4,2056
1534,8569,337,6,184,9619.119999999999,Electricity,397689.79999999993,392118.79999999993,2056-05-01,5,2056
2207,6252,126,8,311,9553.560000000001,Diesel,397185.4,391395.4,2056-06-01,6,2056
2387,9203,256,10,102,11927.06,Diesel,488056.39999999997,473226.39999999997,2056-07-01,7,2056
1650,5171,338,27,278,8278.5,Diesel,350657.0,344483.0,2056-08-01,8,2056
2329,6458,255,9,137,10401.42,Diesel,433248.8,428070.8,2056-09-01,9,2056
2190,8549,134,29,338,10715.1,Diesel,447779.0,440535.0,2056-10-01,10,2056
943,9197,235,7,268,8010.24,Electricity,339489.6,330403.6,2056-11-01,11,2056
1684,11667,243,5,129,11228.919999999998,Electricity,461828.79999999993,456094.79999999993,2056-12-01,12,2056
1892,7322,205,8,289,9516.460000000001,Diesel,397937.4,386705.4,2057-01-01,1,2057
1922,6636,263,29,124,9449.059999999998,Diesel,395493.3999999999,389695.3999999999,2057-02-01,2,2057
1195,8115,257,24,211,8230.6,Electricity,348742.0,336141.0,2057-03-01,3,2057
1848,9090,245,6,305,10423.34,Diesel,435595.6,421616.6,2057-04-01,4,2057
1747,11960,101,9,284,11083.059999999998,Electricity,455309.3999999999,447514.3999999999,2057-05-01,5,2057
1690,8004,276,7,146,9534.800000000001,Diesel,391482.00000000006,381894.00000000006,2057-06-01,6,2057
2292,10136,176,13,327,11907.560000000001,Diesel,495023.4,482726.4,2057-07-01,7,2057
2307,5329,231,24,138,9712.16,Diesel,402545.4,394461.4,2057-08-01,8,2057
2388,8640,189,10,115,11416.34,Diesel,469426.6,463695.6,2057-09-01,9,2057
1974,8894,188,22,121,10445.92,Diesel,437714.8,431585.8,2057-10-01,10,2057
1967,10616,193,10,312,11329.460000000001,Electricity,471561.4,464956.4,2057-11-01,11,2057
1368,9107,302,23,248,9353.94,Electricity,391566.60000000003,383633.60000000003,2057-12-01,12,2057
1862,6341,106,16,340,8618.86,Diesel,359194.4,344787.4,2058-01-01,1,2058
908,8663,194,29,371,7552.9400000000005,Electricity,319464.60000000003,305948.60000000003,2058-02-01,2,2058
1865,5215,207,15,158,8379.800000000001,Diesel,346200.00000000006,336126.00000000006,2058-03-01,3,2058
2009,5338,173,6,386,8743.02,Diesel,363503.80000000005,351404.80000000005,2058-04-01,4,2058
1734,10895,138,19,301,10660.619999999999,Electricity,443070.79999999993,436580.79999999993,2058-05-01,5,2058
1197,9062,240,16,131,8624.36,Electricity,359272.4,353379.4,2058-06-01,6,2058
2046,7708,258,16,261,10311.680000000002,Diesel,427135.20000000007,420745.20000000007,2058-07-01,7,2058
1433,8152,170,13,354,8597.84,Electricity,358200.6,349811.6,2058-08-01,8,2058
1956,6750,290,25,353,9732.68,Diesel,401359.2,392120.2,2058-09-01,9,2058
1986,10604,155,28,108,11222.18,Diesel,464896.2,455417.2,2058-10-01,10,2058
2038,7421,340,6,238,10417.140000000001,Diesel,428401.60000000003,421138.60000000003,2058-11-01,11,2058
1532,5709,269,26,109,7954.76,Diesel,328500.4,320068.4,2058-12-01,12,2058
1034,10319,288,7,313,9009.62,Electricity,374922.80000000005,367551.80000000005,2059-01-01,1,2059
1457,11609,141,16,372,10296.36,Electricity,423114.4,413802.4,2059-02-01,2,2059
1550,10208,283,20,147,10301.9,Electricity,426008.0,419493.0,2059-03-01,3,2059
1387,10387,135,25,210,9455.16,Electricity,388790.4,377464.4,2059-04-01,4,2059
1832,8726,183,28,252,9997.26,Diesel,417506.4,405418.4,2059-05-01,5,2059
1897,8642,295,5,222,10487.859999999999,Diesel,438065.39999999997,427479.39999999997,2059-06-01,6,2059
1753,8993,217,25,201,10024.240000000002,Diesel,413835.6000000001,405918.6000000001,2059-07-01,7,2059
1291,5488,106,7,340,6651.28,Diesel,281949.2,271218.2,2059-08-01,8,2059
1712,10657,153,24,290,10538.96,Electricity,433569.39999999997,420883.39999999997,2059-09-01,9,2059
2076,5046,228,6,316,8955.080000000002,Diesel,374454.20000000007,368287.20000000007,2059-10-01,10,2059
2053,8359,271,13,150,10675.640000000001,Diesel,441964.60000000003,428662.60000000003,2059-11-01,11,2059
2342,9873,219,23,391,12085.360000000002,Diesel,497420.4000000001,487311.4000000001,2059-12-01,12,2059
1997,10135,272,19,180,11430.259999999998,Diesel,468835.3999999999,459508.3999999999,2060-01-01,1,2060
2476,9806,205,22,187,12319.98,Diesel,503689.19999999995,492879.19999999995,2060-02-01,2,2060
1991,5400,146,15,293,8623.480000000001,Diesel,361017.20000000007,352362.20000000007,2060-03-01,3,2060
969,8990,222,29,203,7944.320000000001,Electricity,334808.80000000005,326015.80000000005,2060-04-01,4,2060
2216,10913,240,27,370,12341.78,Diesel,512594.2,497647.2,2060-05-01,5,2060
1745,8157,218,20,195,9581.1,Diesel,397205.0,385467.0,2060-06-01,6,2060
1594,9345,249,26,297,9906.52,Electricity,408764.80000000005,402187.80000000005,2060-07-01,7,2060
1433,5390,217,21,100,7340.14,Diesel,312411.60000000003,297923.60000000003,2060-08-01,8,2060
2017,8853,120,9,266,10316.060000000001,Diesel,426448.4,419228.4,2060-09-01,9,2060
2340,9430,313,16,225,12145.900000000001,Diesel,501936.00000000006,487772.00000000006,2060-10-01,10,2060
828,5628,319,15,180,6203.54,Electricity,259860.6,253830.6,2060-11-01,11,2060
1988,9232,236,19,350,10862.64,Diesel,451191.6,439500.6,2060-12-01,12,2060
2245,7930,125,7,268,10481.1,Diesel,430831.0,421839.0,2061-01-01,1,2061
1138,11831,108,5,172,9383.74,Electricity,392349.6,386436.6,2061-02-01,2,2061
2471,6521,114,24,240,10358.58,Diesel,434146.2,422788.2,2061-03-01,3,2061
2319,5826,109,20,169,9567.22,Diesel,393584.8,386403.8,2061-04-01,4,2061
2188,9822,315,6,361,11956.740000000002,Diesel,493827.6000000001,485630.6000000001,2061-05-01,5,2061
2165,6500,221,6,344,9901.7,Diesel,414537.0,403497.0,2061-06-01,6,2061
1299,11737,220,7,102,10148.619999999999,Electricity,420591.79999999993,414129.79999999993,2061-07-01,7,2061
2480,8294,224,12,162,11624.2,Diesel,484796.0,472759.0,2061-08-01,8,2061
1310,10085,269,28,148,9558.0,Electricity,394752.0,380253.0,2061-09-01,9,2061
2150,7419,171,19,175,10127.8,Diesel,419016.0,409022.0,2061-10-01,10,2061
1016,5934,251,11,274,6636.38,Electricity,282292.2,267911.2,2061-11-01,11,2061
2124,8042,307,10,208,10841.42,Diesel,445105.8,434797.8,2061-12-01,12,2061
1955,9497,148,13,282,10577.900000000001,Diesel,437616.00000000006,426395.00000000006,2062-01-01,1,2062
1893,6466,253,24,291,9278.740000000002,Diesel,386603.6000000001,374513.6000000001,2062-02-01,2,2062
2075,8561,190,5,164,10545.3,Diesel,441236.0,428467.0,2062-03-01,3,2062
2238,5614,136,12,370,9369.24,Diesel,388886.6,383199.6,2062-04-01,4,2062
1244,10392,167,27,199,9186.619999999999,Electricity,386333.79999999993,376672.79999999993,2062-05-01,5,2062
1675,6182,149,27,131,8160.099999999999,Diesel,338432.0,324033.0,2062-06-01,6,2062
2005,8223,251,7,227,10417.2,Diesel,433533.0,426639.0,2062-07-01,7,2062
966,7667,118,8,142,6873.38,Electricity,288693.2,276304.2,2062-08-01,8,2062
890,11331,199,29,177,8817.4,Electricity,368600.0,358678.0,2062-09-01,9,2062
1513,10217,159,19,388,9820.24,Electricity,407433.6,396111.6,2062-10-01,10,2062
2354,5130,266,10,369,9890.52,Diesel,414468.80000000005,406285.80000000005,2062-11-01,11,2062
838,11948,301,19,261,9348.34,Electricity,384098.6,375301.6,2062-12-01,12,2062
1949,10290,188,25,288,11113.92,Diesel,459147.8,448969.8,2063-01-01,1,2063
2274,7983,245,7,346,11020.92,Diesel,451425.8,436589.8,2063-02-01,2,2063
972,9278,246,29,315,8202.76,Electricity,342634.4,333666.4,2063-03-01,3,2063
1452,9459,263,25,267,9624.76,Electricity,397811.4,390095.4,2063-04-01,4,2063
1553,5038,301,25,292,7822.94,Diesel,329426.6,324236.6,2063-05-01,5,2063
2043,8959,324,18,382,11186.740000000002,Diesel,465162.6000000001,458827.6000000001,2063-06-01,6,2063
2461,11640,282,24,112,13453.679999999998,Diesel,557601.2,544420.2,2063-07-01,7,2063
1881,8587,341,18,339,10617.48,Diesel,434770.19999999995,429392.19999999995,2063-08-01,8,2063
2483,10468,168,8,246,12535.240000000002,Diesel,514989.6000000001,506160.6000000001,2063-09-01,9,2063
1275,5920,274,16,303,7415.8,Diesel,314594.0,303214.0,2063-10-01,10,2063
1255,7769,148,21,179,7826.9,Electricity,323344.0,317729.0,2063-11-01,11,2063
1628,9111,326,11,142,10101.140000000001,Electricity,424013.60000000003,416683.60000000003,2063-12-01,12,2063
1694,5492,207,13,188,8063.620000000001,Diesel,335006.80000000005,328252.80000000005,2064-01-01,1,2064
2184,10545,325,7,247,12320.92,Diesel,512296.8,506833.8,2064-02-01,2,2064
1824,6131,260,17,194,8923.019999999999,Diesel,367935.79999999993,353777.79999999993,2064-03-01,3,2064
1186,8521,218,19,250,8274.779999999999,Electricity,350266.19999999995,340999.19999999995,2064-04-01,4,2064
1147,5310,248,22,101,6643.5599999999995,Diesel,283726.39999999997,275568.39999999997,2064-05-01,5,2064
989,5738,308,23,121,6649.320000000001,Electricity,276378.80000000005,267754.80000000005,2064-06-01,6,2064
1304,8241,249,5,106,8513.920000000002,Electricity,357940.80000000005,348002.80000000005,2064-07-01,7,2064
2014,5545,275,10,305,9205.52,Diesel,384269.80000000005,373852.80000000005,2064-08-01,8,2064
2331,7461,136,27,213,10528.58,Diesel,437312.2,426308.2,2064-09-01,9,2064
2192,9346,242,6,371,11475.960000000003,Diesel,477020.40000000014,463139.40000000014,2064-10-01,10,2064
2232,9854,262,28,182,11895.76,Diesel,486815.4,476212.4,2064-11-01,11,2064
1623,6804,319,18,278,8945.34,Diesel,372298.6,365086.6,2064-12-01,12,2064
1728,8212,298,10,309,9853.84,Diesel,413054.6,401934.6,2065-01-01,1,2065
1733,10393,259,18,223,10813.640000000001,Electricity,445163.60000000003,434345.60000000003,2065-02-01,2,2065
1940,10727,110,8,212,10999.7,Electricity,456277.0,450895.0,2065-03-01,3,2065
933,8810,237,25,111,7787.14,Electricity,331088.60000000003,323832.60000000003,2065-04-01,4,2065
857,11010,300,12,225,8911.16,Electricity,373374.4,366962.4,2065-05-01,5,2065
2379,5813,177,7,152,9940.52,Diesel,412988.80000000005,398213.80000000005,2065-06-01,6,2065
1484,9124,176,23,382,9259.12,Electricity,384985.80000000005,373839.80000000005,2065-07-01,7,2065
1471,10053,284,18,239,10032.18,Electricity,420964.2,415593.2,2065-08-01,8,2065
972,7032,252,24,196,7070.96,Electricity,300404.4,289598.4,2065-09-01,9,2065
1614,9572,101,21,104,9511.02,Electricity,395110.80000000005,384545.80000000005,2065-10-01,10,2065
1972,9413,163,29,156,10627.96,Diesel,442776.39999999997,428974.39999999997,2065-11-01,11,2065
879,5244,134,12,168,5494.72,Electricity,230791.80000000002,217484.80000000002,2065-12-01,12,2065
1685,9843,106,28,217,9885.3,Electricity,412916.0,400479.0,2066-01-01,1,2066
2036,9792,184,18,158,11049.68,Diesel,454453.2,449007.2,2066-02-01,2,2066
1002,5271,245,10,132,6216.76,Diesel,260609.40000000002,254218.40000000002,2066-03-01,3,2066
1563,8511,166,27,149,9087.539999999999,Electricity,375136.6,368796.6,2066-04-01,4,2066
2052,6771,141,26,118,9433.160000000002,Diesel,397216.4000000001,389277.4000000001,2066-05-01,5,2066
2499,6262,217,20,313,10674.42,Diesel,445071.8,434102.8,2066-06-01,6,2066
2050,7424,224,29,296,10084.0,Diesel,419625.0,405360.0,2066-07-01,7,2066
2482,9361,266,23,146,12320.060000000001,Diesel,504697.4,494884.4,2066-08-01,8,2066
2355,5920,268,18,266,10284.200000000003,Diesel,427892.0000000001,419323.0000000001,2066-09-01,9,2066
2264,8430,340,23,388,11577.720000000001,Diesel,474181.80000000005,463727.80000000005,2066-10-01,10,2066
2225,9435,302,7,240,11793.9,Diesel,486940.0,478790.0,2066-11-01,11,2066
846,9484,330,14,183,8217.68,Electricity,341109.2,326312.2,2066-12-01,12,2066
2056,7624,123,23,281,9836.380000000001,Diesel,408350.20000000007,396936.20000000007,2067-01-01,1,2067
2128,8760,287,13,178,11138.740000000002,Diesel,462880.6000000001,453223.6000000001,2067-02-01,2,2067
2349,7050,145,24,314,10419.419999999998,Diesel,436119.79999999993,424172.79999999993,2067-03-01,3,2067
1966,8500,118,17,113,9974.880000000001,Diesel,410951.20000000007,398008.20000000007,2067-04-01,4,2067
2238,6165,167,11,314,9740.84,Diesel,406656.6,397994.6,2067-05-01,5,2067
2336,5375,317,18,227,10124.48,Diesel,418886.19999999995,409404.19999999995,2067-06-01,6,2067
2196,7033,201,13,347,10190.28,Diesel,418418.2,408621.2,2067-07-01,7,2067
2389,11467,141,27,128,12687.52,Diesel,525878.8,515810.80000000005,2067-08-01,8,2067
2082,5145,131,29,379,8721.359999999999,Diesel,363681.39999999997,353201.39999999997,2067-09-01,9,2067
1455,11077,266,23,301,10456.7,Electricity,432792.0,419759.0,2067-10-01,10,2067
1270,9388,208,19,156,8879.6,Electricity,374683.0,368700.0,2067-11-01,11,2067
1770,5431,337,24,317,8730.8,Diesel,361516.0,350909.0,2067-12-01,12,2067
1835,5704,135,18,161,8296.1,Diesel,347157.0,333614.0,2068-01-01,1,2068
2153,11094,331,28,256,12560.340000000002,Diesel,513170.6000000001,498254.6000000001,2068-02-01,2,2068
1535,7632,328,10,301,9150.0,Diesel,380887.0,366416.0,2068-03-01,3,2068
1583,9494,196,25,116,9728.640000000001,Electricity,402999.60000000003,396092.60000000003,2068-04-01,4,2068
1767,11960,263,8,105,11666.660000000002,Electricity,480224.4000000001,468300.4000000001,2068-05-01,5,2068
1157,5963,230,12,157,6933.0599999999995,Diesel,297094.39999999997,282878.39999999997,2068-06-01,6,2068
1771,7234,172,21,268,9044.080000000002,Diesel,372724.20000000007,358987.20000000007,2068-07-01,7,2068
2231,7041,235,13,181,10373.880000000001,Diesel,428802.20000000007,419628.20000000007,2068-08-01,8,2068
1467,6828,196,5,318,8101.160000000001,Diesel,340772.4,326692.4,2068-09-01,9,2068
1172,7108,222,28,276,7560.76,Electricity,316005.4,303740.4,2068-10-01,10,2068
1831,9068,169,24,303,10121.98,Diesel,423946.19999999995,409649.19999999995,2068-11-01,11,2068
1945,5938,268,29,170,9188.4,Diesel,379954.0,372964.0,2068-12-01,12,2068
2171,9805,330,18,365,11970.380000000001,Diesel,493013.20000000007,482417.20000000007,2069-01-01,1,2069
1475,5806,295,15,197,7945.9,Diesel,328837.0,319839.0,2069-02-01,2,2069
889,6463,112,25,390,6114.02,Electricity,259804.80000000002,251029.80000000002,2069-03-01,3,2069
2471,10421,148,7,307,12420.58,Diesel,513942.2,499830.2,2069-04-01,4,2069
1497,8415,159,13,101,8811.76,Electricity,366536.4,356891.4,2069-05-01,5,2069
2139,5010,229,18,223,9105.220000000001,Diesel,377053.80000000005,369992.80000000005,2069-06-01,6,2069
2001,10181,287,13,379,11549.08,Diesel,481636.2,472149.2,2069-07-01,7,2069
1339,6868,104,8,173,7430.720000000001,Diesel,316077.80000000005,306642.80000000005,2069-08-01,8,2069
1531,11369,271,8,265,10798.68,Electricity,447263.2,439619.2,2069-09-01,9,2069
1668,11707,126,12,121,10803.340000000002,Electricity,442555.6000000001,436510.6000000001,2069-10-01,10,2069
840,9867,259,6,253,8149.000000000001,Electricity,342675.00000000006,329724.00000000006,2069-11-01,11,2069
1539,10690,248,13,394,10431.92,Electricity,431542.8,420093.8,2069-12-01,12,2069
1301,10703,107,18,318,9297.880000000001,Electricity,389464.20000000007,381783.20000000007,2070-01-01,1,2070
1758,10429,329,26,256,11159.840000000002,Electricity,462709.6000000001,454510.6000000001,2070-02-01,2,2070
1968,5884,299,13,329,9344.140000000001,Diesel,386475.60000000003,374707.60000000003,2070-03-01,3,2070
2024,8564,149,28,119,10285.22,Diesel,430052.8,415922.8,2070-04-01,4,2070
1728,6389,166,27,140,8466.94,Diesel,356746.60000000003,344306.60000000003,2070-05-01,5,2070
1260,8401,345,20,247,8858.199999999999,Electricity,365984.99999999994,352351.99999999994,2070-06-01,6,2070
1531,9321,143,21,207,9330.68,Electricity,385768.2,378218.2,2070-07-01,7,2070
1551,5824,224,20,183,7913.280000000001,Diesel,333294.2,324069.2,2070-08-01,8,2070
1724,7265,157,16,389,8899.32,Diesel,369047.8,363451.8,2070-09-01,9,2070
1708,5936,102,7,233,7957.4400000000005,Diesel,331461.60000000003,320407.60000000003,2070-10-01,10,2070
2381,7800,185,15,306,11007.78,Diesel,452364.2,445859.2,2070-11-01,11,2070
2370,7553,169,18,382,10817.6,Diesel,451183.0,437130.0,2070-12-01,12,2070
2076,11402,229,22,365,12165.58,Electricity,502360.2,490892.2,2071-01-01,1,2071
1189,11007,314,25,172,9853.42,Electricity,407353.8,395117.8,2071-02-01,2,2071
2417,8845,271,25,147,11907.960000000001,Diesel,487765.4,481214.4,2071-03-01,3,2071
1682,6796,101,9,332,8336.46,Diesel,349467.39999999997,334539.39999999997,2071-04-01,4,2071
1055,5053,201,20,199,6121.2,Diesel,255455.0,243603.0,2071-05-01,5,2071
1508,5726,308,24,158,8042.840000000001,Diesel,336265.60000000003,329816.60000000003,2071-06-01,6,2071
1249,7736,134,9,357,7766.5199999999995,Electricity,322424.8,311471.8,2071-07-01,7,2071
809,10640,197,7,164,8218.82,Electricity,348169.8,334713.8,2071-08-01,8,2071
1623,8170,314,16,182,9589.24,Diesel,402996.6,389954.6,2071-09-01,9,2071
1597,10139,129,5,253,9857.56,Electricity,413523.39999999997,405864.39999999997,2071-10-01,10,2071
2065,6913,215,25,365,9846.2,Diesel,406519.0,394010.0,2071-11-01,11,2071
2074,10872,107,13,178,11420.02,Diesel,473319.80000000005,460426.80000000005,2071-12-01,12,2071
1676,6596,249,13,249,8726.58,Diesel,363025.2,350580.2,2072-01-01,1,2072
1828,6914,143,8,147,8895.54,Diesel,368998.60000000003,361277.60000000003,2072-02-01,2,2072
1942,7466,285,7,347,10012.86,Diesel,414236.4,399582.4,2072-03-01,3,2072
1815,7737,135,21,377,9305.800000000001,Diesel,387138.00000000006,372501.00000000006,2072-04-01,4,2072
1173,5849,296,6,197,7150.74,Diesel,303292.6,295367.6,2072-05-01,5,2072
1888,7109,176,28,124,9288.74,Diesel,386603.6,371779.6,2072-06-01,6,2072
945,11359,320,5,383,9414.7,Electricity,396255.0,384151.0,2072-07-01,7,2072
1023,5002,130,12,167,5745.44,Diesel,240625.59999999998,229385.59999999998,2072-08-01,8,2072
2062,9255,146,17,106,10706.26,Diesel,447420.4,441908.4,2072-09-01,9,2072
976,9069,348,27,236,8447.78,Electricity,348636.2,343421.2,2072-10-01,10,2072
1652,9876,154,19,263,9979.76,Electricity,416891.4,404592.4,2072-11-01,11,2072
2105,5892,307,12,182,9712.7,Diesel,399724.0,391571.0,2072-12-01,12,2072
862,7030,205,16,237,6609.259999999999,Electricity,278421.39999999997,265971.39999999997,2073-01-01,1,2073
2040,8160,289,26,172,10624.300000000001,Diesel,437169.00000000006,430463.00000000006,2073-02-01,2,2073
1626,7376,257,16,336,9031.580000000002,Diesel,374069.20000000007,367502.20000000007,2073-03-01,3,2073
1594,9675,220,18,145,9930.02,Electricity,416170.80000000005,410042.80000000005,2073-04-01,4,2073
1488,6933,154,19,205,8057.14,Diesel,333257.60000000003,324747.60000000003,2073-05-01,5,2073
2284,6380,243,19,387,10261.82,Diesel,426106.8,413239.8,2073-06-01,6,2073
2433,8681,111,13,361,11337.240000000002,Diesel,470972.6000000001,463607.6000000001,2073-07-01,7,2073
904,6290,244,23,275,6504.320000000001,Electricity,272295.80000000005,261712.80000000005,2073-08-01,8,2073
1922,6640,243,24,265,9403.259999999998,Diesel,394920.3999999999,385023.3999999999,2073-09-01,9,2073
1310,10047,239,26,244,9450.8,Electricity,388256.0,377538.0,2073-10-01,10,2073
1184,7682,235,12,382,7927.42,Electricity,336128.8,325127.8,2073-11-01,11,2073
1204,5987,311,25,153,7369.320000000001,Diesel,306586.80000000005,297019.80000000005,2073-12-01,12,2073
1622,6218,102,23,277,7895.96,Diesel,326944.4,312673.4,2074-01-01,1,2074
1317,10016,243,10,343,9468.660000000002,Electricity,388870.4000000001,381129.4000000001,2074-02-01,2,2074
1275,11881,129,24,226,9883.0,Electricity,408566.0,400546.0,2074-03-01,3,2074
1508,6355,336,29,370,8503.74,Diesel,353080.6,341824.6,2074-04-01,4,2074
2468,9265,122,23,231,11747.540000000003,Diesel,482872.6000000001,477644.6000000001,2074-05-01,5,2074
1570,9616,191,8,192,9732.1,Electricity,401301.0,387939.0,2074-06-01,6,2074
2260,10582,214,27,172,12163.599999999999,Diesel,503958.99999999994,498664.99999999994,2074-07-01,7,2074
1846,9135,203,11,347,10307.880000000001,Diesel,424730.20000000007,415446.20000000007,2074-08-01,8,2074
1796,6560,217,8,372,8936.78,Diesel,370567.2,356950.2,2074-09-01,9,2074
2388,6418,104,26,142,10032.44,Diesel,412906.60000000003,401105.60000000003,2074-10-01,10,2074
1476,5954,311,16,140,8068.38,Diesel,333452.2,327534.2,2074-11-01,11,2074
1513,5983,203,17,269,7831.04,Diesel,326802.6,321304.6,2074-12-01,12,2074
2281,5974,347,7,311,10385.18,Diesel,434615.2,426806.2,2075-01-01,1,2075
882,9133,207,26,267,7739.36,Electricity,326356.39999999997,316395.39999999997,2075-02-01,2,2075
1968,11471,164,16,138,11630.540000000003,Electricity,476269.6000000001,462252.6000000001,2075-03-01,3,2075
1908,10370,220,6,344,11144.44,Electricity,465326.60000000003,456547.60000000003,2075-04-01,4,2075
1901,8972,129,28,250,10115.78,Diesel,422938.2,415820.2,2075-05-01,5,2075
1256,10295,248,6,210,9430.78,Electricity,395136.2,383745.2,2075-06-01,6,2075
800,10721,183,27,146,8206.6,Electricity,348257.0,343112.0,2075-07-01,7,2075
850,5913,297,13,162,6322.0,Electricity,268458.0,255516.0,2075-08-01,8,2075
1484,9549,249,5,324,9693.92,Electricity,399376.8,389811.8,2075-09-01,9,2075
1516,5036,309,12,168,7710.38,Diesel,324963.2,319771.2,2075-10-01,10,2075
2269,8387,299,27,398,11432.92,Diesel,474697.8,464510.8,2075-11-01,11,2075
1248,6711,330,10,389,7944.9400000000005,Electricity,332577.60000000003,320940.60000000003,2075-12-01,12,2075
1680,8020,131,10,395,9061.900000000001,Diesel,376268.00000000006,363025.00000000006,2076-01-01,1,2076
1287,5795,260,26,302,7348.259999999999,Diesel,306871.39999999997,299461.39999999997,2076-02-01,2,2076
833,9036,344,29,160,8021.240000000001,Electricity,336544.60000000003,329724.60000000003,2076-03-01,3,2076
2171,10068,115,22,260,11333.18,Diesel,469728.2,461764.2,2076-04-01,4,2076
894,9688,303,21,115,8348.62,Electricity,353113.80000000005,345592.80000000005,2076-05-01,5,2076
1895,10233,137,16,193,10732.400000000001,Electricity,445493.00000000006,437925.00000000006,2076-06-01,6,2076
2374,8111,343,10,237,11677.72,Diesel,482558.8,471676.8,2076-07-01,7,2076
953,6324,325,12,137,6895.339999999999,Electricity,294788.6,287921.6,2076-08-01,8,2076
1049,11367,241,23,226,9411.12,Electricity,394876.80000000005,382411.80000000005,2076-09-01,9,2076
1473,5317,135,14,374,7170.240000000001,Diesel,302683.60000000003,290081.60000000003,2076-10-01,10,2076
1237,7396,324,5,263,8205.76,Electricity,339783.4,331584.4,2076-11-01,11,2076
917,7162,250,29,176,6983.5599999999995,Electricity,290354.39999999997,279251.39999999997,2076-12-01,12,2076
1570,7745,213,17,273,8900.6,Diesel,374402.0,369162.0,2077-01-01,1,2077
2129,10442,336,21,190,12165.920000000002,Diesel,498517.80000000005,490077.80000000005,2077-02-01,2,2077
1067,6591,165,7,337,6808.359999999999,Electricity,289133.39999999997,279502.39999999997,2077-03-01,3,2077
1877,8111,204,12,363,9886.86,Diesel,410060.4,395461.4,2077-04-01,4,2077
1035,10985,184,18,278,8987.5,Electricity,378122.0,364848.0,2077-05-01,5,2077
1188,11183,101,7,308,9198.84,Electricity,386383.6,376306.6,2077-06-01,6,2077
1789,8930,318,20,172,10430.92,Diesel,433683.8,424915.8,2077-07-01,7,2077
1562,6996,348,17,206,8963.76,Diesel,370895.4,356753.4,2077-08-01,8,2077
1200,10868,300,24,394,9807.599999999999,Electricity,402378.99999999994,389383.99999999994,2077-09-01,9,2077
1423,6312,292,28,383,8101.840000000001,Diesel,343621.60000000003,329819.60000000003,2077-10-01,10,2077
1566,6285,174,21,281,8029.78,Diesel,337068.2,325639.2,2077-11-01,11,2077
2126,9311,166,17,136,10981.78,Diesel,456056.2,447451.2,2077-12-01,12,2077
1718,7383,279,10,236,9331.440000000002,Diesel,388179.6000000001,381006.6000000001,2078-01-01,1,2078
2030,8239,289,21,155,10627.600000000002,Diesel,443194.0000000001,428480.0000000001,2078-02-01,2,2078
2052,7139,250,18,286,10022.660000000002,Diesel,413236.4000000001,401668.4000000001,2078-03-01,3,2078
1652,11496,253,21,357,11157.460000000001,Electricity,460984.4,453383.4,2078-04-01,4,2078
1377,11714,295,12,157,10625.66,Electricity,436928.4,429271.4,2078-05-01,5,2078
874,11959,309,15,222,9465.72,Electricity,393298.8,382218.8,2078-06-01,6,2078
1234,6704,154,24,287,7284.320000000001,Electricity,308515.80000000005,296190.80000000005,2078-07-01,7,2078
902,11924,105,5,329,8818.66,Electricity,364805.4,357646.4,2078-08-01,8,2078
2245,5362,262,11,267,9681.2,Diesel,397388.0,388558.0,2078-09-01,9,2078
1563,7604,249,25,213,8934.94,Diesel,369186.60000000003,355873.60000000003,2078-10-01,10,2078
1537,6716,270,25,351,8522.36,Diesel,350910.4,341542.4,2078-11-01,11,2078
1605,10289,242,21,206,10359.300000000003,Electricity,424836.0000000001,418519.0000000001,2078-12-01,12,2078
2129,9451,185,14,136,11122.720000000001,Diesel,459379.80000000005,449886.80000000005,2079-01-01,1,2079
897,9286,159,15,191,7659.66,Electricity,318213.4,311983.4,2079-02-01,2,2079
1597,8738,200,26,117,9403.56,Electricity,394853.39999999997,388720.39999999997,2079-03-01,3,2079
2158,7469,343,13,162,10766.44,Diesel,446613.60000000003,434006.60000000003,2079-04-01,4,2079
1658,9795,333,13,249,10571.84,Electricity,432962.6,426661.6,2079-05-01,5,2079
1234,11150,111,28,238,9351.820000000002,Electricity,388887.80000000005,381977.80000000005,2079-06-01,6,2079
1246,11276,338,9,285,10228.08,Electricity,421974.2,408892.2,2079-07-01,7,2079
2131,5556,148,21,284,9089.08,Diesel,376406.2,363299.2,2079-08-01,8,2079
1048,5825,141,13,304,6291.040000000001,Electricity,270758.60000000003,256061.60000000003,2079-09-01,9,2079
965,7808,265,21,359,7514.700000000001,Electricity,317131.0,304161.0,2079-10-01,10,2079
2304,10150,181,28,313,11979.420000000002,Diesel,495077.80000000005,488161.80000000005,2079-11-01,11,2079
1783,11678,272,25,355,11670.44,Electricity,477786.60000000003,465790.60000000003,2079-12-01,12,2079
2158,9521,134,23,234,11087.34,Diesel,454587.6,446830.6,2080-01-01,1,2080
1819,7719,257,11,160,9679.12,Diesel,403288.80000000005,391824.80000000005,2080-02-01,2,2080
1341,11506,315,27,187,10519.18,Electricity,438114.2,432936.2,2080-03-01,3,2080
1558,8508,333,13,306,9671.740000000002,Electricity,400064.6000000001,385976.6000000001,2080-04-01,4,2080
1929,8741,257,11,228,10498.520000000002,Diesel,431344.8000000001,419982.8000000001,2080-05-01,5,2080
2386,6574,305,17,102,10789.779999999999,Diesel,448531.19999999995,433788.19999999995,2080-06-01,6,2080
880,8998,233,15,341,7759.099999999999,Electricity,324654.0,310971.0,2080-07-01,7,2080
932,7129,166,18,220,6708.860000000001,Electricity,282336.4,277276.4,2080-08-01,8,2080
1596,7403,179,23,201,8673.080000000002,Diesel,362478.20000000007,348209.20000000007,2080-09-01,9,2080
1699,8329,106,15,137,9134.22,Diesel,383322.8,371641.8,2080-10-01,10,2080
937,5588,279,17,232,6348.459999999999,Electricity,268651.39999999997,260756.39999999997,2080-11-01,11,2080
983,7012,113,18,301,6617.740000000001,Electricity,277801.60000000003,272216.60000000003,2080-12-01,12,2080
2224,6547,172,17,120,9880.22,Diesel,409367.8,398544.8,2081-01-01,1,2081
2153,5294,242,5,341,9338.240000000002,Diesel,389837.6000000001,384303.6000000001,2081-02-01,2,2081
1584,6985,248,12,208,8661.619999999999,Diesel,363942.79999999993,355480.79999999993,2081-03-01,3,2081
2331,10343,262,16,183,12391.380000000001,Diesel,514131.20000000007,505120.20000000007,2081-04-01,4,2081
1783,10644,165,23,182,10741.94,Electricity,444610.60000000003,436212.60000000003,2081-05-01,5,2081
868,8117,190,16,390,7146.94,Electricity,300803.6,293648.6,2081-06-01,6,2081
1345,6690,229,12,168,7799.1,Diesel,331343.0,320377.0,2081-07-01,7,2081
852,6136,262,12,228,6328.360000000001,Electricity,267103.4,254774.40000000002,2081-08-01,8,2081
2273,10352,309,25,295,12438.14,Diesel,510490.6,498533.6,2081-09-01,9,2081
1004,7064,305,17,239,7358.42,Electricity,308655.8,294459.8,2081-10-01,10,2081
925,9455,119,16,382,7718.599999999999,Electricity,327719.0,317394.0,2081-11-01,11,2081
842,9795,309,20,333,8326.16,Electricity,350154.4,336636.4,2081-12-01,12,2081
910,9543,109,5,122,7622.2,Electricity,324029.0,314326.0,2082-01-01,1,2082
1560,11999,124,17,252,10685.099999999999,Electricity,441342.99999999994,433636.99999999994,2082-02-01,2,2082
2486,11508,293,11,376,13530.380000000001,Diesel,551259.2000000001,546258.2000000001,2082-03-01,3,2082
2006,9770,124,9,160,10737.88,Diesel,441325.19999999995,427100.19999999995,2082-04-01,4,2082
1647,6007,153,12,151,7997.5599999999995,Diesel,334468.39999999997,321152.39999999997,2082-05-01,5,2082
894,10445,132,29,252,8165.62,Electricity,345645.8,339541.8,2082-06-01,6,2082
2197,7514,263,18,336,10654.26,Diesel,438079.4,431218.4,2082-07-01,7,2082
2343,11557,194,27,131,12795.340000000002,Diesel,528177.6000000001,517908.6000000001,2082-08-01,8,2082
1699,8526,113,17,154,9263.019999999999,Diesel,383101.79999999993,371158.79999999993,2082-09-01,9,2082
1159,9681,164,19,135,8570.42,Electricity,353507.8,340187.8,2082-10-01,10,2082
1699,10352,209,27,209,10535.019999999999,Electricity,432331.79999999993,426894.79999999993,2082-11-01,11,2082
1080,6247,179,21,276,6724.799999999999,Electricity,286902.0,277056.0,2082-12-01,12,2082
2018,10089,153,19,394,11089.84,Diesel,459975.6,451846.6,2083-01-01,1,2083
2018,8902,337,24,196,11106.740000000002,Diesel,457675.6000000001,443262.6000000001,2083-02-01,2,2083
1466,6435,224,22,312,8019.179999999999,Diesel,339106.19999999995,326025.19999999995,2083-03-01,3,2083
892,5571,279,22,236,6226.159999999999,Electricity,260078.39999999997,254177.39999999997,2083-04-01,4,2083
